date,quantile,return
2023-01-02,1,0.0076211718327998355
2023-01-02,2,0.0166453310172693
2023-01-02,3,0.0117248583044017
2023-01-02,4,0.014560900139734115
2023-01-02,5,0.011377944638161601
2023-01-03,1,-0.028729954693594545
2023-01-03,2,-0.026173322744884372
2023-01-03,3,-0.029036541228826717
2023-01-03,4,-0.027257071211406705
2023-01-03,5,-0.022187862691923535
2023-01-04,1,0.005602757334394168
2023-01-04,2,0.0023578141326994363
2023-01-04,3,0.002905570992763741
2023-01-04,4,0.0035414223508590578
2023-01-04,5,0.006509264668239839
2023-01-05,1,-0.0037519851009133742
2023-01-05,2,0.0013322515312882911
2023-01-05,3,-0.0038117149356940803
2023-01-05,4,-0.004601668776281572
2023-01-05,5,-0.0034219145388464335
2023-01-06,1,-0.016320010850609024
2023-01-06,2,-0.015185489031290113
2023-01-06,3,-0.014594958405708552
2023-01-06,4,-0.009097998067913941
2023-01-06,5,-0.009009607065336003
2023-01-09,1,-0.009418551626937458
2023-01-09,2,-0.014458522951713562
2023-01-09,3,-0.013759469034098432
2023-01-09,4,-0.007136948411060656
2023-01-09,5,-0.009850477865862278
2023-01-10,1,-0.006071882105623466
2023-01-10,2,-0.012218091729198334
2023-01-10,3,-0.005531113712143644
2023-01-10,4,-0.00790840109347346
2023-01-10,5,-0.0070372063866249905
2023-01-11,1,0.0012964309447601984
2023-01-11,2,-0.0028481982290110832
2023-01-11,3,-0.0032403733089647812
2023-01-11,4,-0.0021770764144398713
2023-01-11,5,0.004350471324553656
2023-01-12,1,-0.0024526946556205284
2023-01-12,2,-0.009728255518039387
2023-01-12,3,-0.007834686181099025
2023-01-12,4,-0.006367969833703402
2023-01-12,5,-0.0065927758426148775
2023-01-13,1,-0.001837935723599253
2023-01-13,2,-0.001384014258257558
2023-01-13,3,0.0025226459335695693
2023-01-13,4,0.002161954629202962
2023-01-13,5,0.00170564731296677
2023-01-16,1,0.005173068154067829
2023-01-16,2,0.006961361664072884
2023-01-16,3,0.00773111372915866
2023-01-16,4,0.005339698726693834
2023-01-16,5,0.0074209356292944725
2023-01-17,1,-0.0020930547800771825
2023-01-17,2,-0.0015769557034222568
2023-01-17,3,0.001521151490627354
2023-01-17,4,0.0019467681060235866
2023-01-17,5,0.0025010793367533763
2023-01-18,1,-0.00651384127538131
2023-01-18,2,-0.0056169077039214515
2023-01-18,3,-0.00758184450773056
2023-01-18,4,-0.0036365281014726445
2023-01-18,5,-0.0035543283368209633
2023-01-19,1,-0.0062809005218543825
2023-01-19,2,-0.0012469341074598773
2023-01-19,3,-0.00372388770159117
2023-01-19,4,-0.002991383960712917
2023-01-19,5,0.0013131544928812488
2023-01-20,1,0.009502122002879046
2023-01-20,2,0.007127135331706845
2023-01-20,3,0.006083201504117805
2023-01-20,4,0.00395925872253279
2023-01-20,5,0.0056738699045747664
2023-01-23,1,0.005436182541320336
2023-01-23,2,0.006299826049709972
2023-01-23,3,0.01124722030258168
2023-01-23,4,0.013566644257815006
2023-01-23,5,0.010748916558013959
2023-01-24,1,-0.00470481445285695
2023-01-24,2,-0.008752471301268952
2023-01-24,3,-0.0068038145090127304
2023-01-24,4,-0.007418506296922121
2023-01-24,5,-0.0046084671557348415
2023-01-25,1,0.012896895060359176
2023-01-25,2,0.008632053040571174
2023-01-25,3,0.011951771266001224
2023-01-25,4,0.01592933055928556
2023-01-25,5,0.014030729628791767
2023-01-26,1,-0.00011644831489254868
2023-01-26,2,-0.0011417263860021311
2023-01-26,3,0.0006480447385207218
2023-01-26,4,-0.0020076164996693144
2023-01-26,5,0.001888560813596732
2023-01-27,1,0.0039337213212324775
2023-01-27,2,0.004186903145195245
2023-01-27,3,0.00575689048444947
2023-01-27,4,0.0001754924541756131
2023-01-27,5,0.009277094558650254
2023-01-30,1,-0.013486942432990624
2023-01-30,2,-0.010934457238220566
2023-01-30,3,-0.008143294092557995
2023-01-30,4,-0.002203195486962457
2023-01-30,5,-0.008735123729361551
2023-01-31,1,-0.013086079947264118
2023-01-31,2,-0.01195228356428228
2023-01-31,3,-0.007487332355065515
2023-01-31,4,-0.01237805449273265
2023-01-31,5,-0.008734184826548426
2023-02-01,1,-0.00501410598564809
2023-02-01,2,-0.012495732048068807
2023-02-01,3,-0.006800042433315204
2023-02-01,4,-0.012962748032225468
2023-02-01,5,-0.011289276229855792
2023-02-02,1,0.01690509252091369
2023-02-02,2,0.01016227409662657
2023-02-02,3,0.01463546648541565
2023-02-02,4,0.01552121973545759
2023-02-02,5,0.011885983318599747
2023-02-03,1,0.009646636869828631
2023-02-03,2,0.007277707343822335
2023-02-03,3,0.013379456867493667
2023-02-03,4,0.014440523738079886
2023-02-03,5,0.006993469429622531
2023-02-06,1,-0.0027188319095611114
2023-02-06,2,0.0046154147584080854
2023-02-06,3,0.005745420414775125
2023-02-06,4,0.008633462292457667
2023-02-06,5,0.0033418185965028435
2023-02-07,1,-0.01152288511490789
2023-02-07,2,-0.0032787464207866095
2023-02-07,3,-0.010754114486489087
2023-02-07,4,-0.005365101086014283
2023-02-07,5,-0.007580326234193682
2023-02-08,1,-0.0034290837730427412
2023-02-08,2,0.005148596049619578
2023-02-08,3,0.0018317812747621481
2023-02-08,4,0.004378056072310837
2023-02-08,5,-0.0037885946529059226
2023-02-09,1,-0.01328249352517432
2023-02-09,2,-0.01279697821661974
2023-02-09,3,-0.014022843505229574
2023-02-09,4,-0.01574438356131415
2023-02-09,5,-0.01567075850595759
2023-02-10,1,-0.0035183935162675125
2023-02-10,2,0.004174638353999794
2023-02-10,3,-0.0067655967414549266
2023-02-10,4,-0.008893771108346164
2023-02-10,5,-0.00020786583824403538
2023-02-13,1,-0.018045994715998253
2023-02-13,2,-0.02039063717317574
2023-02-13,3,-0.010938021429347662
2023-02-13,4,-0.022560644370485487
2023-02-13,5,-0.013266797054414829
2023-02-14,1,-0.0004259880666019596
2023-02-14,2,0.00024458925934973496
2023-02-14,3,0.001993914412779602
2023-02-14,4,0.0022012395497356717
2023-02-14,5,0.0024120166425772673
2023-02-15,1,-0.005617902256359384
2023-02-15,2,-0.010702069837810158
2023-02-15,3,-0.010223498964611659
2023-02-15,4,0.0006312739113732528
2023-02-15,5,-0.0029653110541003466
2023-02-16,1,-0.008954927100464017
2023-02-16,2,-0.003877960357116989
2023-02-16,3,-0.0033385113022391475
2023-02-16,4,-0.003369872655162962
2023-02-16,5,0.0008249487956766357
2023-02-17,1,-0.013574259052276563
2023-02-17,2,-0.007994153614750558
2023-02-17,3,-0.00856580750387144
2023-02-17,4,-0.006210108778365454
2023-02-17,5,-0.007761296813929997
2023-02-20,1,-0.000877983092125961
2023-02-20,2,0.0024115313683459537
2023-02-20,3,-0.005452574559169405
2023-02-20,4,0.0019386561747301097
2023-02-20,5,0.0032002717077388187
2023-02-21,1,0.004521067914300741
2023-02-21,2,0.0002679614990303926
2023-02-21,3,-0.0009364285087591377
2023-02-21,4,0.004378869651156781
2023-02-21,5,0.005876668705939377
2023-02-22,1,0.013748718660846917
2023-02-22,2,0.013177672486216662
2023-02-22,3,0.01009407334251296
2023-02-22,4,0.01026642847470315
2023-02-22,5,0.012545075408450578
2023-02-23,1,-0.0037359500234864047
2023-02-23,2,-0.010183322292102288
2023-02-23,3,-0.0040787114359848884
2023-02-23,4,-0.0031886286819389153
2023-02-23,5,-0.005197807175117282
2023-02-24,1,0.004120151503406532
2023-02-24,2,0.00510068627293679
2023-02-24,3,0.001029408667727224
2023-02-24,4,0.007403943596547147
2023-02-24,5,0.006212797960158636
2023-02-27,1,0.0063322515041003575
2023-02-27,2,0.002754189090670312
2023-02-27,3,0.0008383877594188749
2023-02-27,4,0.005686457778341418
2023-02-27,5,0.00782593597432298
2023-02-28,1,0.0008499058626435187
2023-02-28,2,0.0009939736416421173
2023-02-28,3,0.01186642410669983
2023-02-28,4,0.005490235487026892
2023-02-28,5,0.009439092908423721
2023-03-01,1,-0.005291604037418106
2023-03-01,2,0.003159028885757921
2023-03-01,3,0.008562591308888427
2023-03-01,4,0.0054248431200299325
2023-03-01,5,0.005394276523970485
2023-03-02,1,-0.0013913890712742413
2023-03-02,2,-0.006701812029316007
2023-03-02,3,-0.0013425569356450024
2023-03-02,4,0.004456900518935336
2023-03-02,5,-0.003718257671915433
2023-03-03,1,-0.005485863126552875
2023-03-03,2,0.0012735609697302453
2023-03-03,3,0.0031147573803996303
2023-03-03,4,0.002353748648837758
2023-03-03,5,0.004939120677081703
2023-03-06,1,0.010027743217572199
2023-03-06,2,0.00038454581419812464
2023-03-06,3,0.0039530336173099
2023-03-06,4,0.007902676289634182
2023-03-06,5,0.00491515192370676
2023-03-07,1,0.015715932510697937
2023-03-07,2,0.026770711536927134
2023-03-07,3,0.018009936298702754
2023-03-07,4,0.016874522694405845
2023-03-07,5,0.02354344805472984
2023-03-08,1,-0.015283583435946338
2023-03-08,2,-0.011098730336855276
2023-03-08,3,-0.010928387850424682
2023-03-08,4,-0.009851043044017226
2023-03-08,5,-0.008466506561342277
2023-03-09,1,0.002977749568697608
2023-03-09,2,0.0005670752395588777
2023-03-09,3,0.0007633319092477807
2023-03-09,4,0.010329657679107469
2023-03-09,5,0.004276624277541309
2023-03-10,1,-0.0026449784417511314
2023-03-10,2,-0.002374944744792205
2023-03-10,3,-0.008383358416651268
2023-03-10,4,-0.00555334638392882
2023-03-10,5,-0.0028444108784765154
2023-03-13,1,-0.005693215293167364
2023-03-13,2,-0.006875825519292409
2023-03-13,3,-0.007858141371458635
2023-03-13,4,-0.0031492447229808733
2023-03-13,5,-0.01760400635944194
2023-03-14,1,-0.0004760347389458951
2023-03-14,2,-0.0004953607266867713
2023-03-14,3,0.003947439569469731
2023-03-14,4,0.002849876218655465
2023-03-14,5,0.005061816526788668
2023-03-15,1,-0.0015037213753842616
2023-03-15,2,-0.006292619924542589
2023-03-15,3,-0.001636516196725455
2023-03-15,4,0.0007843025012304638
2023-03-15,5,-0.0002637643915376132
2023-03-16,1,-0.002118901985395394
2023-03-16,2,-0.0029412333244604448
2023-03-16,3,-0.002026548701796413
2023-03-16,4,-0.0059096232669670675
2023-03-16,5,-0.008407728898409222
2023-03-17,1,0.0013134616936114397
2023-03-17,2,0.0018857174911334974
2023-03-17,3,0.0015777341247374857
2023-03-17,4,-0.0023271315026099242
2023-03-17,5,0.004978177091906631
2023-03-20,1,0.006492976399437267
2023-03-20,2,0.007025429481689938
2023-03-20,3,0.001552344049979665
2023-03-20,4,0.005365703486428854
2023-03-20,5,0.0024139667866853905
2023-03-21,1,-0.013934684747261856
2023-03-21,2,-0.014524726841886063
2023-03-21,3,-0.010726484881399398
2023-03-21,4,-0.009255905100803777
2023-03-21,5,-0.007897611509796822
2023-03-22,1,0.004608017814452876
2023-03-22,2,0.004465174310153479
2023-03-22,3,0.0029948096122076866
2023-03-22,4,0.007167641911316564
2023-03-22,5,0.005527767217356432
2023-03-23,1,0.00829691803310209
2023-03-23,2,0.016198556142285422
2023-03-23,3,0.013073379596600033
2023-03-23,4,0.011090828575283837
2023-03-23,5,0.01525855659125091
2023-03-24,1,0.008745674171690221
2023-03-24,2,0.0066810943804921415
2023-03-24,3,-0.0006963945746072094
2023-03-24,4,0.004385235473899556
2023-03-24,5,0.007707162476080075
2023-03-27,1,-0.0008597169531553714
2023-03-27,2,-0.0037748062927146736
2023-03-27,3,-0.006505143626578868
2023-03-27,4,-0.007035324298027185
2023-03-27,5,-0.0024294575485846407
2023-03-28,1,-0.008195839208284232
2023-03-28,2,-0.003633561269857975
2023-03-28,3,-0.0010182278802348438
2023-03-28,4,-0.0033861027800264586
2023-03-28,5,-0.0019095163678519375
2023-03-29,1,-0.018286662963017813
2023-03-29,2,-0.02149507458139592
2023-03-29,3,-0.019807888430771674
2023-03-29,4,-0.018124391623938526
2023-03-29,5,-0.011432511454913384
2023-03-30,1,-0.019205535614719278
2023-03-30,2,-0.016294387257718347
2023-03-30,3,-0.01784382211644984
2023-03-30,4,-0.014292311787682067
2023-03-30,5,-0.012683541823194568
2023-03-31,1,0.007077829772278149
2023-03-31,2,0.005201153808100132
2023-03-31,3,0.00881228513749983
2023-03-31,4,0.00701989071400398
2023-03-31,5,0.006527370948645737
2023-04-03,1,0.013352440246563246
2023-04-03,2,0.016726992459475242
2023-04-03,3,0.02628946175764059
2023-04-03,4,0.01907139279542642
2023-04-03,5,0.022625038957250314
2023-04-04,1,0.009898313505097359
2023-04-04,2,0.006813981358868135
2023-04-04,3,0.006807358069128144
2023-04-04,4,0.006276186315217633
2023-04-04,5,0.01112641425998317
2023-04-05,1,0.014451628757977937
2023-04-05,2,0.015214340697360348
2023-04-05,3,0.01641964772159759
2023-04-05,4,0.018874270736876385
2023-04-05,5,0.015590052721262463
2023-04-06,1,-0.004199561636883568
2023-04-06,2,0.0005059589283010154
2023-04-06,3,-0.004888144418996072
2023-04-06,4,-0.00018743734576310601
2023-04-06,5,-0.0013115051951926519
2023-04-07,1,-9.542773659620572e-05
2023-04-07,2,-0.004385435587484356
2023-04-07,3,-0.009540519732346976
2023-04-07,4,-0.0009283706339628188
2023-04-07,5,-0.004454818072751952
2023-04-10,1,-0.00982408922259654
2023-04-10,2,-0.013037847760584741
2023-04-10,3,-0.005871417673520471
2023-04-10,4,-0.014662198025133718
2023-04-10,5,-0.0019102187770391214
2023-04-11,1,-0.010291843140280348
2023-04-11,2,-0.014368848585008594
2023-04-11,3,-0.010853824832158486
2023-04-11,4,-0.007893100347861526
2023-04-11,5,-0.00671762236603091
2023-04-12,1,0.007914492127366508
2023-04-12,2,0.0017538501073054566
2023-04-12,3,-0.0007334962967243349
2023-04-12,4,0.00016453702365635983
2023-04-12,5,0.004560551011617853
2023-04-13,1,-0.001811565598898631
2023-04-13,2,-0.007825063547765125
2023-04-13,3,-0.007447090841575063
2023-04-13,4,-0.005474847584294137
2023-04-13,5,-0.00787391688206104
2023-04-14,1,-0.002723034333913845
2023-04-14,2,-0.0035528133035379597
2023-04-14,3,-0.005716570040726887
2023-04-14,4,-0.00571131719755321
2023-04-14,5,-0.005813960665448465
2023-04-17,1,-0.0005205660490568691
2023-04-17,2,-0.009265970430367363
2023-04-17,3,0.005936472104454129
2023-04-17,4,0.0016123492118471192
2023-04-17,5,-0.001477203316460371
2023-04-18,1,0.015049707265438203
2023-04-18,2,0.007266804288076291
2023-04-18,3,0.007344567889121583
2023-04-18,4,0.009054976647635804
2023-04-18,5,0.013848188526739847
2023-04-19,1,0.004405034987467276
2023-04-19,2,0.0053069466922433875
2023-04-19,3,0.005069868225544303
2023-04-19,4,0.007719099642240815
2023-04-19,5,0.0027099095102710467
2023-04-20,1,-0.010134502443102817
2023-04-20,2,-0.004208562080159998
2023-04-20,3,-0.0030130625859932938
2023-04-20,4,-0.0013308202523013657
2023-04-20,5,-0.0027475009628995448
2023-04-21,1,0.00045113933745369534
2023-04-21,2,0.007421172689079764
2023-04-21,3,0.0005580206650782775
2023-04-21,4,0.004849818336483903
2023-04-21,5,-0.0035145468947806813
2023-04-24,1,0.013859421310457726
2023-04-24,2,0.004362072851192454
2023-04-24,3,0.002885134629418389
2023-04-24,4,0.008765875009563351
2023-04-24,5,0.012280529503207658
2023-04-25,1,-0.007907670493266735
2023-04-25,2,-0.00283260375045335
2023-04-25,3,-0.0023276244297747517
2023-04-25,4,-0.006462703751605618
2023-04-25,5,-0.0036025205681184114
2023-04-26,1,-0.011728021857732186
2023-04-26,2,-0.004531419542211725
2023-04-26,3,-0.003755254331270867
2023-04-26,4,-0.005518836648587962
2023-04-26,5,-0.0038092935994007275
2023-04-27,1,-0.003253202523393859
2023-04-27,2,-0.011107533289369451
2023-04-27,3,-0.007063608382803678
2023-04-27,4,-0.0010255067882648
2023-04-27,5,-0.003571251733065905
2023-04-28,1,0.016785517889694436
2023-04-28,2,0.014941065585906927
2023-04-28,3,0.015645194902698337
2023-04-28,4,0.016992105349755537
2023-04-28,5,0.012075974751756155
2023-05-01,1,-0.002581592651106748
2023-05-01,2,-0.009596800317426803
2023-05-01,3,-0.003270986089034654
2023-05-01,4,0.0002532294006961414
2023-05-01,5,-0.00443905376908901
2023-05-02,1,0.0003900728666578917
2023-05-02,2,0.00304115330536683
2023-05-02,3,0.00414856258589823
2023-05-02,4,0.005870723163218778
2023-05-02,5,-0.0011781705211223494
2023-05-03,1,-0.018603282413306155
2023-05-03,2,-0.018420077784741647
2023-05-03,3,-0.01463165887959067
2023-05-03,4,-0.015308120730700094
2023-05-03,5,-0.01487227853915779
2023-05-04,1,0.017481791505385834
2023-05-04,2,0.017609642464861013
2023-05-04,3,0.013289522934869395
2023-05-04,4,0.01933875128730739
2023-05-04,5,0.015996353838663352
2023-05-05,1,-0.007299300956394658
2023-05-05,2,-0.005949059188000771
2023-05-05,3,-0.003793571067887653
2023-05-05,4,0.00046804474336873585
2023-05-05,5,-0.006105178074889361
2023-05-08,1,0.005080475180611694
2023-05-08,2,0.00013821688035785907
2023-05-08,3,0.006141248097333213
2023-05-08,4,0.008996674497096391
2023-05-08,5,0.007514807731613414
2023-05-09,1,0.0023963385861093976
2023-05-09,2,0.002326649495254564
2023-05-09,3,0.0022725789280716785
2023-05-09,4,3.633887165698218e-05
2023-05-09,5,0.0015751892330497347
2023-05-10,1,-0.01378598916030754
2023-05-10,2,-0.009429694135052305
2023-05-10,3,-0.009500950516508608
2023-05-10,4,-0.007776640878916359
2023-05-10,5,-0.0057251881550600126
2023-05-11,1,0.004682530032056417
2023-05-11,2,0.005365746284573734
2023-05-11,3,0.004519830385506974
2023-05-11,4,0.006938463852887198
2023-05-11,5,0.006689171612197772
2023-05-12,1,-0.004655820149877979
2023-05-12,2,-0.005596677830515027
2023-05-12,3,-0.003239689427628563
2023-05-12,4,-0.0014175334573125961
2023-05-12,5,-0.00179299736204175
2023-05-15,1,0.011642226377331125
2023-05-15,2,0.010900266382788442
2023-05-15,3,0.010919114489675738
2023-05-15,4,0.006484543969595498
2023-05-15,5,0.008989982907809578
2023-05-16,1,0.024182964235725413
2023-05-16,2,0.028850260716534428
2023-05-16,3,0.029880197425045288
2023-05-16,4,0.029442964243499015
2023-05-16,5,0.0285255784391273
2023-05-17,1,0.005046050945968025
2023-05-17,2,0.00987325254723502
2023-05-17,3,0.006389032668128921
2023-05-17,4,0.012623489960713769
2023-05-17,5,0.005055086156134914
2023-05-18,1,-0.005687844144653743
2023-05-18,2,-0.012049449406013895
2023-05-18,3,-0.0007851760862846798
2023-05-18,4,-0.005720163295334502
2023-05-18,5,-0.009514124973456422
2023-05-19,1,-0.0042235018410815405
2023-05-19,2,-0.000738575613812155
2023-05-19,3,0.0012572621402433216
2023-05-19,4,-0.005527111025388442
2023-05-19,5,-0.0025459997289366096
2023-05-22,1,-0.018737599968741532
2023-05-22,2,-0.010307077928682632
2023-05-22,3,-0.013041151855577787
2023-05-22,4,-0.011866925263715168
2023-05-22,5,-0.014967391510369838
2023-05-23,1,-0.02258683524544241
2023-05-23,2,-0.017526314198409318
2023-05-23,3,-0.013564293273981147
2023-05-23,4,-0.021319588262126495
2023-05-23,5,-0.01384957312819584
2023-05-24,1,-0.01466434613470587
2023-05-24,2,-0.010792090407968817
2023-05-24,3,-0.01302135138383705
2023-05-24,4,-0.013057372773127582
2023-05-24,5,-0.009187975093241617
2023-05-25,1,0.0024272388835915077
2023-05-25,2,0.0005544563360477199
2023-05-25,3,0.006083068766033637
2023-05-25,4,0.0004736333860977577
2023-05-25,5,0.0058934186729765045
2023-05-26,1,-0.001138746633649607
2023-05-26,2,0.0005487910276593966
2023-05-26,3,0.000685629802044424
2023-05-26,4,-0.003194843200667893
2023-05-26,5,0.004794541010208909
2023-05-29,1,0.0033789516547567074
2023-05-29,2,0.001432259193793782
2023-05-29,3,0.002158638946673022
2023-05-29,4,0.0033042191488325255
2023-05-29,5,0.010123207221878358
2023-05-30,1,0.005534151212039948
2023-05-30,2,0.004801607016231047
2023-05-30,3,0.006274605513185309
2023-05-30,4,0.002241893988523714
2023-05-30,5,-0.0005350745362406077
2023-05-31,1,0.0017735409825468248
2023-05-31,2,-0.00040563783564113694
2023-05-31,3,0.0040164602349691825
2023-05-31,4,0.002364611852086508
2023-05-31,5,0.006150089757569732
2023-06-01,1,0.011235263256824096
2023-06-01,2,0.00717627587122167
2023-06-01,3,0.005377450225078874
2023-06-01,4,0.008280123408360044
2023-06-01,5,0.008617339702067888
2023-06-02,1,-0.0011201570149801747
2023-06-02,2,0.006660672709289058
2023-06-02,3,0.002060901397128818
2023-06-02,4,0.005806677934115345
2023-06-02,5,0.004053269214698145
2023-06-05,1,-0.010541585821930625
2023-06-05,2,-0.004829980688034183
2023-06-05,3,-0.010427947009701982
2023-06-05,4,-0.007134423800317532
2023-06-05,5,-0.0058203093858494115
2023-06-06,1,0.006636105993918004
2023-06-06,2,0.002016537410030961
2023-06-06,3,0.004434440218430766
2023-06-06,4,0.002220880860891684
2023-06-06,5,0.0064468867955547
2023-06-07,1,-0.008226126115997967
2023-06-07,2,-0.008612941107886043
2023-06-07,3,-0.008454830738042804
2023-06-07,4,-0.005442593489536535
2023-06-07,5,-0.0033282008292982923
2023-06-08,1,-0.0026132451877182348
2023-06-08,2,-0.007948384992955736
2023-06-08,3,-0.004202873320343155
2023-06-08,4,-0.012487832238526357
2023-06-08,5,-0.007652154020557567
2023-06-09,1,0.019918797535193412
2023-06-09,2,0.01707102382986
2023-06-09,3,0.01958285115552751
2023-06-09,4,0.02314848394646887
2023-06-09,5,0.017982367558330915
2023-06-12,1,-0.010866616497227106
2023-06-12,2,-0.008663770269282965
2023-06-12,3,-0.01304362523114813
2023-06-12,4,-0.0060567023768885
2023-06-12,5,-0.014050976154736423
2023-06-13,1,0.006177007627187507
2023-06-13,2,0.0019165263959568272
2023-06-13,3,0.011124191805173567
2023-06-13,4,0.008052061157098346
2023-06-13,5,0.0029776454567678953
2023-06-14,1,0.00775377787700502
2023-06-14,2,0.015264257442451738
2023-06-14,3,0.004925388127295969
2023-06-14,4,0.013501586346396484
2023-06-14,5,0.00748633550356156
2023-06-15,1,-0.009745567234334708
2023-06-15,2,-0.009201005350580053
2023-06-15,3,-0.0019427421779366848
2023-06-15,4,-0.006037964062565404
2023-06-15,5,-0.008566156422613696
2023-06-16,1,0.018766768023898203
2023-06-16,2,0.02013401872241271
2023-06-16,3,0.02380453801399709
2023-06-16,4,0.018961130821722447
2023-06-16,5,0.027403611761845907
2023-06-19,1,-0.012830033038049847
2023-06-19,2,-0.00046094858957856444
2023-06-19,3,0.001022494737830836
2023-06-19,4,-0.0026596445876122003
2023-06-19,5,0.001773384390805784
2023-06-20,1,-0.010452827374027352
2023-06-20,2,-0.0023991938703561973
2023-06-20,3,-0.003282148427708421
2023-06-20,4,-0.009157851875433476
2023-06-20,5,-0.005847221440635549
2023-06-21,1,-0.002900885752778557
2023-06-21,2,0.0036915976458120345
2023-06-21,3,-0.008514602520522314
2023-06-21,4,-0.006339584184217056
2023-06-21,5,0.000596272066024278
2023-06-22,1,0.00039196521021457684
2023-06-22,2,0.0005504655977117264
2023-06-22,3,-0.0020994793393331935
2023-06-22,4,0.0064870876080324325
2023-06-22,5,0.006181741369762916
2023-06-23,1,-0.0037217729090370374
2023-06-23,2,-0.00996476257858563
2023-06-23,3,-0.009402259673220328
2023-06-23,4,-0.0002996699864167327
2023-06-23,5,-0.002551118103530269
2023-06-26,1,-0.012913115378769727
2023-06-26,2,-0.00834347258081209
2023-06-26,3,-0.009736329750348868
2023-06-26,4,-0.004415549310452843
2023-06-26,5,-0.010929739258333165
2023-06-27,1,0.005633568585389168
2023-06-27,2,0.010581332795668913
2023-06-27,3,0.007353586429765446
2023-06-27,4,0.00776792688124283
2023-06-27,5,0.0031919063976867112
2023-06-28,1,-0.018526878494614287
2023-06-28,2,-0.010862431985476506
2023-06-28,3,-0.009684367374099044
2023-06-28,4,-0.009859068589436139
2023-06-28,5,-0.00727918233751587
2023-06-29,1,-0.013031502592487733
2023-06-29,2,-0.014752918621728103
2023-06-29,3,-0.016603915787000843
2023-06-29,4,-0.014533036612326442
2023-06-29,5,-0.011921995560136189
2023-06-30,1,-0.007396097979343428
2023-06-30,2,-0.00523105242861765
2023-06-30,3,-0.0007922652676226728
2023-06-30,4,0.0019957981230884487
2023-06-30,5,-0.006043055306488184
2023-07-03,1,0.017945334675486334
2023-07-03,2,0.01721786697427407
2023-07-03,3,0.014738156487124763
2023-07-03,4,0.017568515947532483
2023-07-03,5,0.01838011751535177
2023-07-04,1,-0.003653068786827208
2023-07-04,2,-0.0019808422204641513
2023-07-04,3,-0.0001797202204345933
2023-07-04,4,-0.002812052831946776
2023-07-04,5,0.0005805867210086786
2023-07-05,1,0.011447939666077695
2023-07-05,2,0.020577330867939673
2023-07-05,3,0.012969572116903853
2023-07-05,4,0.010047549738209148
2023-07-05,5,0.012052653543392355
2023-07-06,1,-0.001615533113328306
2023-07-06,2,-0.0019860359387018373
2023-07-06,3,0.004507916312188528
2023-07-06,4,-0.003774786274860783
2023-07-06,5,0.0005882361820790704
2023-07-07,1,0.0023029008388069138
2023-07-07,2,0.004774031551235596
2023-07-07,3,0.005915050636004294
2023-07-07,4,0.000992174879211629
2023-07-07,5,0.0005570138008085254
2023-07-10,1,-0.0011498300313184248
2023-07-10,2,0.002060181421166044
2023-07-10,3,-0.0003658929372500001
2023-07-10,4,-0.003090136340294453
2023-07-10,5,0.003004299330409358
2023-07-11,1,-0.004367347827434964
2023-07-11,2,-0.0035893494640136976
2023-07-11,3,-0.007274895645922091
2023-07-11,4,-0.004503456840775064
2023-07-11,5,-0.003937651608305717
2023-07-12,1,-0.0011353857815899974
2023-07-12,2,-0.002642209654354126
2023-07-12,3,0.0015822050663705952
2023-07-12,4,-0.008196834257873513
2023-07-12,5,-0.0034676217538681204
2023-07-13,1,0.0005353009383533077
2023-07-13,2,0.001813616294422106
2023-07-13,3,0.005368282640128106
2023-07-13,4,-0.0021289608659470684
2023-07-13,5,0.006628458949985727
2023-07-14,1,-0.0025241264388962056
2023-07-14,2,0.0035983371216459325
2023-07-14,3,0.0016199872209230028
2023-07-14,4,0.004459332527077143
2023-07-14,5,0.003963115620772699
2023-07-17,1,-0.0008735613990280735
2023-07-17,2,-0.010665110180870447
2023-07-17,3,-0.006419255966486675
2023-07-17,4,-0.0035551625561057905
2023-07-17,5,-0.004774134247356749
2023-07-18,1,0.009889722588327439
2023-07-18,2,0.008471569563873542
2023-07-18,3,0.007277777385981765
2023-07-18,4,0.009430482628189789
2023-07-18,5,0.016856227910650688
2023-07-19,1,-0.008851143275552791
2023-07-19,2,-0.012891565530750129
2023-07-19,3,-0.017894501178616126
2023-07-19,4,-0.011858729790376235
2023-07-19,5,-0.01858685380522407
2023-07-20,1,-0.0031683490536411254
2023-07-20,2,0.0065233807780973934
2023-07-20,3,0.0036912809626376375
2023-07-20,4,-0.00259895746564068
2023-07-20,5,0.0037047177546996445
2023-07-21,1,0.0028929260795446062
2023-07-21,2,0.006954475773248668
2023-07-21,3,0.005214544669291189
2023-07-21,4,-5.040357249848961e-05
2023-07-21,5,0.007186050412654554
2023-07-24,1,-0.00018180906172004044
2023-07-24,2,-0.002111933057811696
2023-07-24,3,7.443651405352592e-05
2023-07-24,4,0.0037773824369103015
2023-07-24,5,0.0018860485449920315
2023-07-25,1,0.012329727058593276
2023-07-25,2,0.007398002203355852
2023-07-25,3,0.013276809329413383
2023-07-25,4,0.011982721161112719
2023-07-25,5,0.00793125991402857
2023-07-26,1,0.004341625042425936
2023-07-26,2,-0.0012601437029785179
2023-07-26,3,0.003624607280496738
2023-07-26,4,0.005012011516048092
2023-07-26,5,0.0034728497257255626
2023-07-27,1,-0.022855254329631567
2023-07-27,2,-0.024758407799811782
2023-07-27,3,-0.025940470762691924
2023-07-27,4,-0.0228096375743128
2023-07-27,5,-0.01956846973868213
2023-07-28,1,0.00473774117495768
2023-07-28,2,0.010314721076867319
2023-07-28,3,0.007771500307281046
2023-07-28,4,0.003995195975475292
2023-07-28,5,0.011618414159199108
2023-07-31,1,-0.006238297703456127
2023-07-31,2,0.006898073361084795
2023-07-31,3,-0.0005242224970832585
2023-07-31,4,0.0012475249640471868
2023-07-31,5,0.003990332346829573
2023-08-01,1,-0.002052841197516142
2023-08-01,2,0.0006583771086782155
2023-08-01,3,0.0007864183898556626
2023-08-01,4,0.001071195644391633
2023-08-01,5,0.0020580826331428282
2023-08-02,1,-0.001262869016530957
2023-08-02,2,0.00016848442000040197
2023-08-02,3,-0.0009731208684376153
2023-08-02,4,-0.002302345595057487
2023-08-02,5,0.007907322865738989
2023-08-03,1,0.0025772742977495976
2023-08-03,2,-0.000651346623261443
2023-08-03,3,0.002619738247367281
2023-08-03,4,0.005575092992709833
2023-08-03,5,0.003943133088233114
2023-08-04,1,-0.006564093514616156
2023-08-04,2,-0.009566680439975796
2023-08-04,3,-0.007713313811441542
2023-08-04,4,-0.008294686018055863
2023-08-04,5,-0.0007880077694617836
2023-08-07,1,-0.013534986286588085
2023-08-07,2,-0.0050430695219100125
2023-08-07,3,-0.003063265943303738
2023-08-07,4,-0.007296025317603565
2023-08-07,5,-0.007820311129741409
2023-08-08,1,0.010487999759379503
2023-08-08,2,0.008837508188365257
2023-08-08,3,0.00735847712836072
2023-08-08,4,0.0007378457820583155
2023-08-08,5,0.0025660332573701197
2023-08-09,1,-0.0013267023993439116
2023-08-09,2,0.0025429431710792595
2023-08-09,3,0.0046204846309958105
2023-08-09,4,0.001553634291400742
2023-08-09,5,0.0012397422634514064
2023-08-10,1,-0.0038361059314660235
2023-08-10,2,0.0020835478708542843
2023-08-10,3,0.005242697970924112
2023-08-10,4,0.0017362285798433416
2023-08-10,5,0.001010930656397211
2023-08-11,1,0.008599594509153131
2023-08-11,2,0.008802355179738802
2023-08-11,3,0.006028489596999796
2023-08-11,4,0.003980694268752294
2023-08-11,5,0.006089349806354927
2023-08-14,1,-0.010718237883512467
2023-08-14,2,-0.0028285156608134094
2023-08-14,3,-0.007949580065053953
2023-08-14,4,-0.009327116563769037
2023-08-14,5,-0.003293678664321566
2023-08-15,1,0.007451180126863946
2023-08-15,2,0.01267745644565906
2023-08-15,3,0.005596501783704801
2023-08-15,4,0.00803826824953485
2023-08-15,5,0.012350758340206769
2023-08-16,1,0.0015187043900706397
2023-08-16,2,0.004468160475366535
2023-08-16,3,0.00222462731433647
2023-08-16,4,0.004409999336459126
2023-08-16,5,0.009696135866922423
2023-08-17,1,-0.009074240099881083
2023-08-17,2,-0.009138463331822742
2023-08-17,3,-0.003750809162168279
2023-08-17,4,-0.005438586494709906
2023-08-17,5,-0.014808418841074375
2023-08-18,1,-0.004832132585812077
2023-08-18,2,-0.007263505684003234
2023-08-18,3,-0.003701599608177511
2023-08-18,4,-0.0014175114599288001
2023-08-18,5,-0.0012068454774483831
2023-08-21,1,-0.005681367408185688
2023-08-21,2,-0.006441138291140431
2023-08-21,3,-0.002385057445296738
2023-08-21,4,-0.002468348627942019
2023-08-21,5,0.0009329860556822146
2023-08-22,1,-0.0053919868900629865
2023-08-22,2,0.0028588503309748357
2023-08-22,3,0.0009051413887047289
2023-08-22,4,0.0010323792188255878
2023-08-22,5,0.00019755070635098368
2023-08-23,1,-0.013823339967457715
2023-08-23,2,-0.002434570197595889
2023-08-23,3,-0.0027026956214157047
2023-08-23,4,-0.0066794834821212795
2023-08-23,5,-0.006452459879216354
2023-08-24,1,0.011258598940013301
2023-08-24,2,0.012311675964300066
2023-08-24,3,0.015327344755886797
2023-08-24,4,0.02046424265947672
2023-08-24,5,0.01686418232682002
2023-08-25,1,0.0038503540961183167
2023-08-25,2,0.004748321874672115
2023-08-25,3,0.008616650801159177
2023-08-25,4,0.009068421729037044
2023-08-25,5,0.006629053792095533
2023-08-28,1,0.0031646911933081202
2023-08-28,2,0.0004894419456234604
2023-08-28,3,0.008050122318401149
2023-08-28,4,0.0048374284674425495
2023-08-28,5,0.001595999071742705
2023-08-29,1,0.004682584807744536
2023-08-29,2,-0.004385473124502446
2023-08-29,3,0.0009867053456008692
2023-08-29,4,0.0062758001356522704
2023-08-29,5,-4.080560475401085e-05
2023-08-30,1,0.009032224390586669
2023-08-30,2,0.008567735376988786
2023-08-30,3,0.013994979618001393
2023-08-30,4,0.002443319284704197
2023-08-30,5,0.006520965979999312
2023-08-31,1,-0.013250353020478643
2023-08-31,2,-0.012433430185779071
2023-08-31,3,-0.011518660846046684
2023-08-31,4,-0.013436167988164455
2023-08-31,5,-0.01286851741756631
2023-09-01,1,0.002791820033094845
2023-09-01,2,0.005560178345514096
2023-09-01,3,0.010850888207679696
2023-09-01,4,0.006115389977485425
2023-09-01,5,0.004198199911636614
2023-09-04,1,-0.006889095688460406
2023-09-04,2,-0.013697375610963933
2023-09-04,3,-0.007498274398214082
2023-09-04,4,-0.006977800565615017
2023-09-04,5,-0.01108847277919783
2023-09-05,1,0.004260364520332955
2023-09-05,2,0.004191400488045477
2023-09-05,3,0.005046447185778128
2023-09-05,4,0.012079973503483884
2023-09-05,5,-0.0013557141266885126
2023-09-06,1,-0.0079249078869297
2023-09-06,2,-0.010396255879480364
2023-09-06,3,-0.00043649068434974516
2023-09-06,4,0.0022168350555842307
2023-09-06,5,-0.0101008022104849
2023-09-07,1,-0.001953238898638221
2023-09-07,2,-0.002408269892776788
2023-09-07,3,0.0005336651157335486
2023-09-07,4,0.00907969119648265
2023-09-07,5,0.0036293957973177722
2023-09-08,1,0.018752549777615958
2023-09-08,2,0.013679033222885837
2023-09-08,3,0.017934902897376006
2023-09-08,4,0.01833721482602453
2023-09-08,5,0.014395247069907654
2023-09-11,1,0.01489062820567933
2023-09-11,2,0.01246167853013517
2023-09-11,3,0.015429775819493237
2023-09-11,4,0.007822056049231384
2023-09-11,5,0.015887815722129908
2023-09-12,1,-0.010303838331015683
2023-09-12,2,-0.01180576159250954
2023-09-12,3,-0.008400729282569335
2023-09-12,4,-0.004133150696292099
2023-09-12,5,-0.0030974174971119244
2023-09-13,1,-0.0008894190391198387
2023-09-13,2,0.003966373647221464
2023-09-13,3,-3.957219753125208e-05
2023-09-13,4,0.002293770790080217
2023-09-13,5,0.0018333235794722917
2023-09-14,1,-0.002498798407559225
2023-09-14,2,-0.0002984512846938912
2023-09-14,3,0.0009127866911438174
2023-09-14,4,-0.003234184805092498
2023-09-14,5,-0.0011630822760855578
2023-09-15,1,-0.003399026162892782
2023-09-15,2,0.00675418209211397
2023-09-15,3,-0.0062045625643862125
2023-09-15,4,0.0011093426067012196
2023-09-15,5,0.005525505131558362
2023-09-18,1,0.00983883890528059
2023-09-18,2,0.01279958035484411
2023-09-18,3,0.014429061270660327
2023-09-18,4,0.014440904005649915
2023-09-18,5,0.015554834872250147
2023-09-19,1,-0.0024715714381951656
2023-09-19,2,0.001740580470633024
2023-09-19,3,-0.00016591044388604144
2023-09-19,4,-0.0036261980435451603
2023-09-19,5,-0.002999639603294322
2023-09-20,1,0.021961017718772395
2023-09-20,2,0.015591414020052262
2023-09-20,3,0.015456819643167367
2023-09-20,4,0.02229575435365326
2023-09-20,5,0.02509698600239902
2023-09-21,1,-0.007812275187821302
2023-09-21,2,-0.009386214320534013
2023-09-21,3,-0.008301579152403241
2023-09-21,4,-0.00858525351729696
2023-09-21,5,-0.0037914445798811532
2023-09-22,1,-0.0005797484621655694
2023-09-22,2,-0.0055219720783447794
2023-09-22,3,0.0014372363269072484
2023-09-22,4,-0.003671707061494025
2023-09-22,5,0.0022775756089483267
2023-09-25,1,0.0007013282665424866
2023-09-25,2,-0.0009011920794095049
2023-09-25,3,0.0023811918145923592
2023-09-25,4,-0.0034671908027622484
2023-09-25,5,0.0014270486309538423
2023-09-26,1,-0.001855619459460818
2023-09-26,2,0.0011459040964720626
2023-09-26,3,0.002534066504320737
2023-09-26,4,0.0010896935519323263
2023-09-26,5,0.00228429305698077
2023-09-27,1,0.007533365496788657
2023-09-27,2,0.012962907171252099
2023-09-27,3,0.008576095353535224
2023-09-27,4,0.002222566272482423
2023-09-27,5,0.006931958428987844
2023-09-28,1,0.01263847649093337
2023-09-28,2,0.004150307131615804
2023-09-28,3,0.005353557176756939
2023-09-28,4,0.007599097985761893
2023-09-28,5,0.016172372705864302
2023-09-29,1,-0.005843301432663574
2023-09-29,2,-0.0077164302800553485
2023-09-29,3,-0.003263288479897914
2023-09-29,4,-0.005028614137956676
2023-09-29,5,7.446063314090487e-05
2023-10-02,1,-0.0014148300085424985
2023-10-02,2,0.006242058882730144
2023-10-02,3,0.0027529015318552134
2023-10-02,4,0.005313504714069474
2023-10-02,5,0.0012836096354749227
2023-10-03,1,-0.007810712133394163
2023-10-03,2,-0.004460003355653449
2023-10-03,3,-0.0020367377709235657
2023-10-03,4,0.0013464810010694734
2023-10-03,5,-0.0011341875845558584
2023-10-04,1,0.0022944979718476756
2023-10-04,2,0.004898521653990374
2023-10-04,3,0.0012688893309845586
2023-10-04,4,0.00907447773214243
2023-10-04,5,0.002205632257083337
2023-10-05,1,-0.013428989824350517
2023-10-05,2,-0.008756210323137878
2023-10-05,3,-0.007385623090022548
2023-10-05,4,-0.009137794326128663
2023-10-05,5,-0.0094752119720004
2023-10-06,1,-0.0027105884569253685
2023-10-06,2,0.0019495472139256147
2023-10-06,3,-0.006727274130577804
2023-10-06,4,-0.0037681892641511982
2023-10-06,5,-0.00041554210037195963
2023-10-09,1,0.014559930175669424
2023-10-09,2,0.013962113729390132
2023-10-09,3,0.017798983977962028
2023-10-09,4,0.01233527738899119
2023-10-09,5,0.010441332716462571
2023-10-10,1,-0.01423666669814466
2023-10-10,2,-0.017853759956201615
2023-10-10,3,-0.019515649757778687
2023-10-10,4,-0.01985771292787077
2023-10-10,5,-0.01694847615062372
2023-10-11,1,0.008492435578451285
2023-10-11,2,0.008980702839112044
2023-10-11,3,0.007224761014868703
2023-10-11,4,0.009476817580127538
2023-10-11,5,0.0052854158725385274
2023-10-12,1,0.011076137476600242
2023-10-12,2,0.005905062648161045
2023-10-12,3,0.012837761187845461
2023-10-12,4,0.01094405647213445
2023-10-12,5,0.010130477082954382
2023-10-13,1,0.0114049902409389
2023-10-13,2,0.0033872826124460714
2023-10-13,3,0.008793900694112622
2023-10-13,4,0.007737350114559891
2023-10-13,5,0.011438156818407146
2023-10-16,1,-0.00037520972383422036
2023-10-16,2,-0.0024641050382838902
2023-10-16,3,-0.0018156487964175823
2023-10-16,4,-0.002529418912186686
2023-10-16,5,-0.0031827438704517966
2023-10-17,1,0.0113287633843481
2023-10-17,2,0.012431375373273108
2023-10-17,3,0.004154321348289082
2023-10-17,4,0.009865760986103592
2023-10-17,5,0.0027741301175532493
2023-10-18,1,-0.0027822404343147466
2023-10-18,2,0.004616054704056792
2023-10-18,3,0.004641214315087129
2023-10-18,4,0.005197049771190584
2023-10-18,5,0.006989443455290683
2023-10-19,1,0.007809994438178954
2023-10-19,2,0.010074348177817084
2023-10-19,3,0.009272702498819816
2023-10-19,4,0.010355483651523235
2023-10-19,5,0.008453131119189172
2023-10-20,1,-0.006860477880675833
2023-10-20,2,-0.007811364140624931
2023-10-20,3,-0.0019313457889596581
2023-10-20,4,-0.005119885500342254
2023-10-20,5,-0.009806141151693207
2023-10-23,1,-0.0025458428547057597
2023-10-23,2,0.0023942535237867356
2023-10-23,3,-0.007030437492070354
2023-10-23,4,-0.002566744575232282
2023-10-23,5,-0.0014946892511535654
2023-10-24,1,-0.0038286562714751615
2023-10-24,2,-0.0011909302871732118
2023-10-24,3,0.0025749474215974073
2023-10-24,4,0.0030462323206736797
2023-10-24,5,0.00024033945111704737
2023-10-25,1,0.02186207596372927
2023-10-25,2,0.0318206291805201
2023-10-25,3,0.02694290317710362
2023-10-25,4,0.018919789492522508
2023-10-25,5,0.028092065975763202
2023-10-26,1,-0.016438849324656182
2023-10-26,2,-0.014724566927307156
2023-10-26,3,-0.010272845654848104
2023-10-26,4,-0.019209689942221556
2023-10-26,5,-0.008043363604286738
2023-10-27,1,-0.003306978227108437
2023-10-27,2,-0.002175841548225103
2023-10-27,3,-0.0052771848319630435
2023-10-27,4,0.00398646732024939
2023-10-27,5,0.005652209931362267
2023-10-30,1,0.0012479006143721232
2023-10-30,2,-0.0108667805015676
2023-10-30,3,0.003703024282897177
2023-10-30,4,0.0050476072265627754
2023-10-30,5,0.004209315926258155
2023-10-31,1,-0.0026780522656661724
2023-10-31,2,-0.007885681497550484
2023-10-31,3,0.002811078562361631
2023-10-31,4,-0.011670162724941048
2023-10-31,5,-0.005916802764613664
2023-11-01,1,0.002082259564562727
2023-11-01,2,-0.006128036146840977
2023-11-01,3,0.0012784640384940666
2023-11-01,4,-0.0013091669021092571
2023-11-01,5,0.0016721091825155196
2023-11-02,1,-0.006431419438260212
2023-11-02,2,-0.014620176318221186
2023-11-02,3,-0.00795166382768814
2023-11-02,4,-0.014455385030266315
2023-11-02,5,-0.010105418940490166
2023-11-03,1,0.005546543401663402
2023-11-03,2,0.00397945164488245
2023-11-03,3,0.0036032690412218195
2023-11-03,4,0.0031254212747230305
2023-11-03,5,0.004153259365184081
2023-11-06,1,-0.015057357159161868
2023-11-06,2,-0.01632786911637111
2023-11-06,3,-0.008576739768363427
2023-11-06,4,-0.010166430882037579
2023-11-06,5,-0.00722549279462039
2023-11-07,1,0.003540614525332565
2023-11-07,2,-0.0018921484815941402
2023-11-07,3,-0.001287408430417088
2023-11-07,4,0.002868202261095301
2023-11-07,5,0.004313131984743293
2023-11-08,1,-0.0031148432954478493
2023-11-08,2,0.0032387271250139127
2023-11-08,3,-0.005300041380177714
2023-11-08,4,0.002485165290091545
2023-11-08,5,0.0068843718694384555
2023-11-09,1,0.013182988916775249
2023-11-09,2,0.016104664911878914
2023-11-09,3,0.01456649146089447
2023-11-09,4,0.0048987616548222725
2023-11-09,5,0.013145986714017932
2023-11-10,1,-0.019502329743401898
2023-11-10,2,-0.024262753742816542
2023-11-10,3,-0.02206382510770606
2023-11-10,4,-0.018595395657331544
2023-11-10,5,-0.017130108316157473
2023-11-13,1,-0.018787768549141597
2023-11-13,2,-0.01713410259407403
2023-11-13,3,-0.01973270567915343
2023-11-13,4,-0.013819498446608626
2023-11-13,5,-0.017963222718895965
2023-11-14,1,-0.0037344810947841376
2023-11-14,2,-0.00872212040708896
2023-11-14,3,-0.008710838948334826
2023-11-14,4,-0.0023725723632848734
2023-11-14,5,-0.004988715837121174
2023-11-15,1,0.004987302289667529
2023-11-15,2,0.01047208739112225
2023-11-15,3,0.007452673574399535
2023-11-15,4,0.007453951254429257
2023-11-15,5,0.00931758167137904
2023-11-16,1,0.007474616668378948
2023-11-16,2,0.003604122726283829
2023-11-16,3,0.0006121232628002577
2023-11-16,4,0.003429061545905899
2023-11-16,5,0.0055466907318766825
2023-11-17,1,0.0004365272463128767
2023-11-17,2,0.006483287580853798
2023-11-17,3,-0.0007445403207165645
2023-11-17,4,0.0018769502247440294
2023-11-17,5,-0.000605492922675456
2023-11-20,1,0.008502056313451868
2023-11-20,2,0.009333984686696332
2023-11-20,3,0.008677470329772572
2023-11-20,4,0.00927136710705563
2023-11-20,5,0.007914278883359235
2023-11-21,1,-0.007565506667380449
2023-11-21,2,-0.0074248446781052975
2023-11-21,3,-0.012158092704130105
2023-11-21,4,-0.006393619453010842
2023-11-21,5,-0.00783631496781137
2023-11-22,1,-0.004324382673948647
2023-11-22,2,-0.008253823044512406
2023-11-22,3,-0.007763333389729654
2023-11-22,4,-0.0067638865988659605
2023-11-22,5,-0.005169396202777605
2023-11-23,1,0.006819350713584686
2023-11-23,2,0.005912319535846115
2023-11-23,3,0.008383890257197563
2023-11-23,4,-0.0018442997545682705
2023-11-23,5,0.0070435792661584775
2023-11-24,1,-0.0011150169360149725
2023-11-24,2,0.0027153255457012465
2023-11-24,3,0.005709655862727325
2023-11-24,4,0.001814579985680713
2023-11-24,5,0.003990745973652294
2023-11-27,1,-0.008752093134956434
2023-11-27,2,-0.0045013103235912065
2023-11-27,3,-0.002208106793980499
2023-11-27,4,-0.0045973098671902544
2023-11-27,5,-0.004247412000715341
2023-11-28,1,-0.0011236873370166322
2023-11-28,2,-0.0019366217096450926
2023-11-28,3,-0.0036353678334603177
2023-11-28,4,-0.0017945634024072142
2023-11-28,5,-0.009150638559334413
2023-11-29,1,-0.0014011316626894531
2023-11-29,2,-0.007883298935255051
2023-11-29,3,-0.0030385828019217362
2023-11-29,4,-0.007633056169791231
2023-11-29,5,-0.004214932190018643
2023-11-30,1,-0.008730130727827764
2023-11-30,2,-0.00873246741281084
2023-11-30,3,-0.011412451531482359
2023-11-30,4,-0.012312156370850333
2023-11-30,5,-0.012544018595541183
2023-12-01,1,-0.004576939291748238
2023-12-01,2,-0.010202247761741707
2023-12-01,3,-0.008914659046302504
2023-12-01,4,-0.0088065002674621
2023-12-01,5,-0.005734126560450636
2023-12-04,1,-0.017031480229753294
2023-12-04,2,-0.011168788666366829
2023-12-04,3,-0.014432874417123567
2023-12-04,4,-0.017430548667298006
2023-12-04,5,-0.023609093749479625
2023-12-05,1,-0.0047000529114459575
2023-12-05,2,-0.0021447064104621865
2023-12-05,3,-0.001196625598642041
2023-12-05,4,-0.00044406963663024424
2023-12-05,5,0.0055367153656386775
2023-12-06,1,-0.0005277900450692628
2023-12-06,2,-0.000571686515988927
2023-12-06,3,-0.012058245801696822
2023-12-06,4,-0.001053024738421594
2023-12-06,5,-0.002476685199643057
2023-12-07,1,0.002578004940524665
2023-12-07,2,0.003588926776043156
2023-12-07,3,0.0027048999587640952
2023-12-07,4,0.0027627433301842877
2023-12-07,5,-0.0019181727273387252
2023-12-08,1,0.006745883063990082
2023-12-08,2,0.01057093573481234
2023-12-08,3,0.015989463976505768
2023-12-08,4,0.0078044667629945065
2023-12-08,5,0.008465127482841003
2023-12-11,1,0.0008771181541473499
2023-12-11,2,0.0011416313032094052
2023-12-11,3,0.00023288908997217686
2023-12-11,4,-0.00023193660123800228
2023-12-11,5,-0.001313265451248725
2023-12-12,1,-0.004815810147971236
2023-12-12,2,-0.0029079821585281363
2023-12-12,3,-0.011590533025318137
2023-12-12,4,-0.008755424336053502
2023-12-12,5,-0.007402923553702714
2023-12-13,1,-0.003034269626387528
2023-12-13,2,0.0011724381547614344
2023-12-13,3,0.0017538813791731639
2023-12-13,4,0.0003490521631407681
2023-12-13,5,-0.0060904780678384205
2023-12-14,1,-0.009064508210500834
2023-12-14,2,-0.00837688211592945
2023-12-14,3,-0.008718894242060404
2023-12-14,4,-0.005525595977758455
2023-12-14,5,-0.006834852289113163
2023-12-15,1,0.008161031939190225
2023-12-15,2,0.006840685396589743
2023-12-15,3,0.007741851634319362
2023-12-15,4,0.005135350105689846
2023-12-15,5,0.0013158240219986995
2023-12-18,1,0.009940775980090095
2023-12-18,2,0.0037395223100433715
2023-12-18,3,0.006981850022186744
2023-12-18,4,0.008788054744438698
2023-12-18,5,0.007372272673779358
2023-12-19,1,0.009965159995696969
2023-12-19,2,0.009823753233873187
2023-12-19,3,0.0114882045860988
2023-12-19,4,0.013197717581795122
2023-12-19,5,0.00947425970281522
2023-12-20,1,0.006380023638358167
2023-12-20,2,0.013024699713778728
2023-12-20,3,0.016850202763811
2023-12-20,4,0.01025319132432768
2023-12-20,5,0.007933992640034243
2023-12-21,1,-0.010036010531815364
2023-12-21,2,-0.013193963664019032
2023-12-21,3,-0.01447577761990198
2023-12-21,4,-0.010446141336911564
2023-12-21,5,-0.009971958984814247
2023-12-22,1,-0.006935265946754634
2023-12-22,2,-0.00728922876968967
2023-12-22,3,-0.005106258728211184
2023-12-22,4,-0.007605024471595029
2023-12-22,5,-0.005530819090133601
2023-12-25,1,0.030133948722633447
2023-12-25,2,0.02407540862616957
2023-12-25,3,0.023058724104941926
2023-12-25,4,0.024279123007726746
2023-12-25,5,0.026404921882331664
2023-12-26,1,0.011940447525395827
2023-12-26,2,0.011321840135493269
2023-12-26,3,0.009955842562755123
2023-12-26,4,0.0054227435275756766
2023-12-26,5,0.015124632210316473
2023-12-27,1,0.0026281596999155406
2023-12-27,2,0.004730489457240538
2023-12-27,3,0.010650924382494993
2023-12-27,4,0.001941572752030789
2023-12-27,5,0.008344253978148284
2023-12-28,1,-0.0025047355899384728
2023-12-28,2,-0.0025306299253490512
2023-12-28,3,0.0041793889524194515
2023-12-28,4,-0.001719877883068677
2023-12-28,5,-0.0017054665814881598
2023-12-29,1,0.01165437046772266
2023-12-29,2,0.01191650105995654
2023-12-29,3,0.011962926477436575
2023-12-29,4,0.010874131803705315
2023-12-29,5,0.01628519483082834
2024-01-01,1,-0.005249456222091262
2024-01-01,2,-0.006203313999044171
2024-01-01,3,-0.006388455476304027
2024-01-01,4,-0.002822483078716051
2024-01-01,5,-0.0007782317114186437
2024-01-02,1,-0.0012827168107766725
2024-01-02,2,-0.008722676982019477
2024-01-02,3,-0.009131815045744354
2024-01-02,4,-0.0013990800398010817
2024-01-02,5,-0.006340708938438923
2024-01-03,1,0.005754096519868525
2024-01-03,2,0.00027517003274515103
2024-01-03,3,0.0019195151696003623
2024-01-03,4,0.007508674782858158
2024-01-03,5,-0.00023877447620466552
2024-01-04,1,-0.008662747443794878
2024-01-04,2,-0.000571224350928805
2024-01-04,3,-0.0035088007413724906
2024-01-04,4,-0.0024874319849498734
2024-01-04,5,0.0011444578744576614
2024-01-05,1,-0.0025625029591489646
2024-01-05,2,-0.0010258954863933967
2024-01-05,3,-0.004395803933266095
2024-01-05,4,-0.003659788766513411
2024-01-05,5,-0.006146624977879326
2024-01-08,1,-0.009512880671244164
2024-01-08,2,-0.01131103855937974
2024-01-08,3,-0.008813404433478736
2024-01-08,4,-0.011497287318840341
2024-01-08,5,-0.007529323519351767
2024-01-09,1,0.005537930818120388
2024-01-09,2,0.008032700429928291
2024-01-09,3,0.0029138382603889615
2024-01-09,4,0.006784870378067595
2024-01-09,5,0.00497352329811051
2024-01-10,1,0.016911392032131798
2024-01-10,2,0.01181881205207235
2024-01-10,3,0.011888089590108331
2024-01-10,4,0.004058208293937076
2024-01-10,5,0.00965697120863332
2024-01-11,1,0.012350768860784306
2024-01-11,2,0.004396735444850089
2024-01-11,3,-0.0007707165635268461
2024-01-11,4,0.00402973947591363
2024-01-11,5,-0.0011852464320775155
2024-01-12,1,-0.003214798956497403
2024-01-12,2,-0.007301266418840769
2024-01-12,3,-0.004008545571268921
2024-01-12,4,-0.003024977854819944
2024-01-12,5,-0.0023964444262094347
2024-01-15,1,0.003989200524526396
2024-01-15,2,-0.005188068902514763
2024-01-15,3,0.002028677960289044
2024-01-15,4,-0.003774608969518617
2024-01-15,5,0.002947145168782234
2024-01-16,1,-0.0020307071345255635
2024-01-16,2,-0.007864852674804523
2024-01-16,3,-0.008477506885774044
2024-01-16,4,-0.0035660228994429293
2024-01-16,5,-0.005907746180564992
2024-01-17,1,-0.010477854827367183
2024-01-17,2,-0.008937748958379984
2024-01-17,3,-0.012464702371847231
2024-01-17,4,-0.012273099461607671
2024-01-17,5,-0.01289243595554114
2024-01-18,1,-0.0002152297537762241
2024-01-18,2,0.0033565978836872894
2024-01-18,3,-0.0028044854020375836
2024-01-18,4,0.0030794975106093175
2024-01-18,5,0.0011196395946648768
2024-01-19,1,0.004164138271507189
2024-01-19,2,-0.0023592121998973936
2024-01-19,3,-0.0015558099322222686
2024-01-19,4,-0.0022797760237698137
2024-01-19,5,-0.00025742566504477005
2024-01-22,1,0.009553305607251511
2024-01-22,2,0.012905045298400529
2024-01-22,3,0.011182511039660668
2024-01-22,4,0.01244007033211621
2024-01-22,5,0.008791332227410693
2024-01-23,1,0.006193932084436721
2024-01-23,2,0.005059004909648049
2024-01-23,3,0.005097615637488167
2024-01-23,4,0.011354832075509786
2024-01-23,5,0.007631265806904292
2024-01-24,1,-0.014225238861757689
2024-01-24,2,-0.01526819112991548
2024-01-24,3,-0.01343167995507449
2024-01-24,4,-0.018529610998294786
2024-01-24,5,-0.008221721395824388
2024-01-25,1,0.01405499828599335
2024-01-25,2,0.011123397316000205
2024-01-25,3,0.01038820675991196
2024-01-25,4,0.014194307313674319
2024-01-25,5,0.011669036097255024
2024-01-26,1,-0.0007465756857160521
2024-01-26,2,-0.001814899500716724
2024-01-26,3,-0.008403169802235197
2024-01-26,4,0.00013283749867004212
2024-01-26,5,-0.002812765753627975
2024-01-29,1,-0.006334087209642257
2024-01-29,2,-0.005801553170139676
2024-01-29,3,-0.0072596000355058705
2024-01-29,4,-0.0011745419185516625
2024-01-29,5,-0.009295921300840828
2024-01-30,1,0.0013362361393861103
2024-01-30,2,-0.0022425255546168563
2024-01-30,3,-0.004718232447037467
2024-01-30,4,-0.001583427417209791
2024-01-30,5,-0.004077675497737953
2024-01-31,1,-0.002431369634910705
2024-01-31,2,-0.0031833941679371616
2024-01-31,3,0.0005945200241193292
2024-01-31,4,-0.0020561647967337923
2024-01-31,5,0.003199783654103955
2024-02-01,1,-0.008385150773553101
2024-02-01,2,-0.010496159996335946
2024-02-01,3,-0.007675582009849222
2024-02-01,4,-0.010535451623236011
2024-02-01,5,-0.011201713569126328
2024-02-02,1,-0.00032673100454270543
2024-02-02,2,0.006778304893297349
2024-02-02,3,0.0005589329690924849
2024-02-02,4,0.003914630995276933
2024-02-02,5,0.002827259793106195
2024-02-05,1,-0.005300570208242476
2024-02-05,2,-0.001101198235300492
2024-02-05,3,-0.0042808802900093194
2024-02-05,4,1.2841506337824514e-05
2024-02-05,5,-0.001552110509939731
2024-02-06,1,-0.011594620832920186
2024-02-06,2,-0.008813560789533974
2024-02-06,3,-0.012616494452707305
2024-02-06,4,-0.009166060116013654
2024-02-06,5,-0.008736519884965724
2024-02-07,1,0.007094416848018611
2024-02-07,2,0.0015976571388291946
2024-02-07,3,0.007046426841987561
2024-02-07,4,0.004411508621295974
2024-02-07,5,0.0114195842809248
2024-02-08,1,-0.010136557823396945
2024-02-08,2,-0.007292467776867017
2024-02-08,3,-0.016148958752868738
2024-02-08,4,-0.015927396548582027
2024-02-08,5,-0.00936359229105115
2024-02-09,1,0.006851428610703072
2024-02-09,2,0.0058196213163554875
2024-02-09,3,0.006003750284787296
2024-02-09,4,0.004364525456036071
2024-02-09,5,0.0007505276288306013
2024-02-12,1,-0.007400114945561423
2024-02-12,2,-0.0022926455707780193
2024-02-12,3,-0.005348190224596313
2024-02-12,4,-0.006418818308031995
2024-02-12,5,-0.007369509050999159
2024-02-13,1,0.012210273269368797
2024-02-13,2,0.01062676792077185
2024-02-13,3,0.013043186397573923
2024-02-13,4,0.011789561836590653
2024-02-13,5,0.011021545424356398
2024-02-14,1,0.0054185996797690185
2024-02-14,2,0.008655152777589659
2024-02-14,3,0.00465612241369062
2024-02-14,4,0.00010671736241112464
2024-02-14,5,0.0011655627900570764
2024-02-15,1,0.00668409370647139
2024-02-15,2,0.012838168109328543
2024-02-15,3,0.008788088348739731
2024-02-15,4,0.008818766374748759
2024-02-15,5,0.007734101688893599
2024-02-16,1,-0.024628366236897806
2024-02-16,2,-0.025366738320221693
2024-02-16,3,-0.021011648852044568
2024-02-16,4,-0.019183482983181788
2024-02-16,5,-0.01763168631911595
2024-02-19,1,-0.0049001724217061435
2024-02-19,2,-0.0016782329114553326
2024-02-19,3,-0.005230353596288915
2024-02-19,4,-0.002460651645935551
2024-02-19,5,-0.006161142595732154
2024-02-20,1,-0.0027394396498415198
2024-02-20,2,-0.005146293626020145
2024-02-20,3,0.00169532620229375
2024-02-20,4,-0.00048261445179590247
2024-02-20,5,0.0014284383953471703
2024-02-21,1,0.003180124072202077
2024-02-21,2,0.007302057685645095
2024-02-21,3,0.005763845787404869
2024-02-21,4,-0.001085313186392215
2024-02-21,5,0.0038621035548336933
2024-02-22,1,0.016786082755058388
2024-02-22,2,0.0058246980484327904
2024-02-22,3,0.005541014403049869
2024-02-22,4,0.010837930201389418
2024-02-22,5,0.011785113308568847
2024-02-23,1,-0.014911845379178133
2024-02-23,2,-0.009856249094847384
2024-02-23,3,-0.01386365159270888
2024-02-23,4,-0.013836749586941342
2024-02-23,5,-0.012605218292336757
2024-02-26,1,0.0050126226244125915
2024-02-26,2,-0.0020919602616781808
2024-02-26,3,0.0068066803505735535
2024-02-26,4,0.005159434229775523
2024-02-26,5,0.00787714725361411
2024-02-27,1,-0.010629347795603004
2024-02-27,2,-0.008433971601606634
2024-02-27,3,-0.006192803817539786
2024-02-27,4,-0.003958700230084504
2024-02-27,5,-0.00620681785092218
2024-02-28,1,-0.010715985944469306
2024-02-28,2,-0.003524140929182517
2024-02-28,3,-0.0037816415301580677
2024-02-28,4,-0.0012274872545930946
2024-02-28,5,-0.004870947023902379
2024-02-29,1,-0.008996415360859423
2024-02-29,2,-0.014460659405640145
2024-02-29,3,-0.012497667294168053
2024-02-29,4,-0.01278953884930652
2024-02-29,5,-0.009564254507405468
2024-03-01,1,0.027404913695580353
2024-03-01,2,0.028556745561467756
2024-03-01,3,0.02966492719203541
2024-03-01,4,0.025269364048859124
2024-03-01,5,0.02271113925080405
2024-03-04,1,0.004354480635027587
2024-03-04,2,0.003973340210927967
2024-03-04,3,0.010265961508366356
2024-03-04,4,0.0052463629248176566
2024-03-04,5,-0.0010072918907178012
2024-03-05,1,0.0007336509256149472
2024-03-05,2,-0.001472571364226572
2024-03-05,3,0.0009595102259660775
2024-03-05,4,0.006275374140139844
2024-03-05,5,0.004022636525077715
2024-03-06,1,0.0010344226793768856
2024-03-06,2,-0.005938818678098581
2024-03-06,3,-0.004493976605087347
2024-03-06,4,-0.0072213988317251475
2024-03-06,5,-0.0032293287856374427
2024-03-07,1,0.00235841745275176
2024-03-07,2,0.005572053609687723
2024-03-07,3,0.005005407472931465
2024-03-07,4,0.005203372422421335
2024-03-07,5,0.008544575402618812
2024-03-08,1,-0.006446609220422282
2024-03-08,2,-0.007510808276334339
2024-03-08,3,-0.0029292341548545066
2024-03-08,4,-0.002810844834063531
2024-03-08,5,-0.0022865275498079483
2024-03-11,1,0.007044790581252486
2024-03-11,2,0.0005202167541276514
2024-03-11,3,-0.0002448939721401438
2024-03-11,4,0.005310200865589605
2024-03-11,5,0.0033532729105125985
2024-03-12,1,0.0015731119672391233
2024-03-12,2,0.0037357804816567954
2024-03-12,3,0.005336226856505139
2024-03-12,4,0.0006412449957524235
2024-03-12,5,0.0039117370126772345
2024-03-13,1,-0.008577187628345093
2024-03-13,2,-0.00051031523087017
2024-03-13,3,-0.007275134542486773
2024-03-13,4,-0.0011616315329658483
2024-03-13,5,-0.0017500683204072789
2024-03-14,1,0.00938927533123198
2024-03-14,2,0.007077472738150252
2024-03-14,3,0.011062922676019972
2024-03-14,4,0.006811420342211848
2024-03-14,5,0.00508243812252303
2024-03-15,1,0.00026688367314275886
2024-03-15,2,-0.009961195857786515
2024-03-15,3,-0.006495992700623295
2024-03-15,4,7.70067329999574e-05
2024-03-15,5,-0.0033959732682807406
2024-03-18,1,-0.013638417517239213
2024-03-18,2,-0.00856109550688223
2024-03-18,3,-0.007879642110921101
2024-03-18,4,-0.012526294683737588
2024-03-18,5,-0.009397084883509047
2024-03-19,1,0.0013822578133937703
2024-03-19,2,0.00046613035512422336
2024-03-19,3,0.004858723872126823
2024-03-19,4,-0.00078483358279463
2024-03-19,5,0.0072595178706236115
2024-03-20,1,0.007884824498603015
2024-03-20,2,0.004554349848745743
2024-03-20,3,0.005292412041533908
2024-03-20,4,0.013836999919923609
2024-03-20,5,0.011398157529746357
2024-03-21,1,-0.010600472552169355
2024-03-21,2,-0.01137551992400191
2024-03-21,3,-0.005755270954481801
2024-03-21,4,-0.012719408409239085
2024-03-21,5,-0.01004034259753808
2024-03-22,1,0.023601203187539187
2024-03-22,2,0.014812709353538792
2024-03-22,3,0.017611953844927114
2024-03-22,4,0.023406101929640984
2024-03-22,5,0.01651592571364477
2024-03-25,1,-0.007092076103123393
2024-03-25,2,-0.013298963793980908
2024-03-25,3,-0.009307456814910681
2024-03-25,4,-0.007016217803436977
2024-03-25,5,-0.013131889221495899
2024-03-26,1,-0.0007351777109159772
2024-03-26,2,0.005715259644733338
2024-03-26,3,0.00218872600722956
2024-03-26,4,0.0047080841329233255
2024-03-26,5,0.00429023296729059
2024-03-27,1,0.020441947877138586
2024-03-27,2,0.01797862091090232
2024-03-27,3,0.02460250617746381
2024-03-27,4,0.020216651297766647
2024-03-27,5,0.03017012654848278
2024-03-28,1,-0.01172113914659958
2024-03-28,2,-0.0071520404659140115
2024-03-28,3,-0.008178226511519181
2024-03-28,4,-0.005039875452946904
2024-03-28,5,-0.010271229832202064
2024-03-29,1,-0.021390096128308514
2024-03-29,2,-0.011581625277411883
2024-03-29,3,-0.015032486876770425
2024-03-29,4,-0.014515959528305946
2024-03-29,5,-0.007514335832990029
2024-04-01,1,0.010083408438899905
2024-04-01,2,0.0074249932077391795
2024-04-01,3,0.01115666838748443
2024-04-01,4,0.008479872146685528
2024-04-01,5,0.011449690109828131
2024-04-02,1,0.01428512650530123
2024-04-02,2,0.008873683371400548
2024-04-02,3,0.017540141222834035
2024-04-02,4,0.016110477688562757
2024-04-02,5,0.011960305481249572
2024-04-03,1,-0.010923028644948488
2024-04-03,2,-0.013878516356502106
2024-04-03,3,-0.013169467393845051
2024-04-03,4,-0.011546090990715217
2024-04-03,5,-0.01100817712349483
2024-04-04,1,-0.00603482648150931
2024-04-04,2,-0.007934476618679642
2024-04-04,3,-0.006430004817108906
2024-04-04,4,-0.014246090135637646
2024-04-04,5,-0.009963278461887605
2024-04-05,1,-0.0005250323360196744
2024-04-05,2,-0.006851204093795603
2024-04-05,3,-0.0003831730497459063
2024-04-05,4,-0.006553344341604415
2024-04-05,5,-0.0037190562352942386
2024-04-08,1,-0.004356668861401283
2024-04-08,2,-0.006268933909572882
2024-04-08,3,-0.004371684297799588
2024-04-08,4,1.0447193608246206e-05
2024-04-08,5,-0.007418219908147283
2024-04-09,1,0.003108190710119616
2024-04-09,2,0.0021259380372728436
2024-04-09,3,-0.001124580044365632
2024-04-09,4,0.005961215243036142
2024-04-09,5,0.004623464078838172
2024-04-10,1,-0.0006356021919141628
2024-04-10,2,-0.00227534466386014
2024-04-10,3,-0.0010638000234327637
2024-04-10,4,0.003457405593852917
2024-04-10,5,0.006684208414452379
2024-04-11,1,-0.015541655337987513
2024-04-11,2,-0.013140421684053463
2024-04-11,3,-0.013142546614981458
2024-04-11,4,-0.013039706037322974
2024-04-11,5,-0.014255832562748802
2024-04-12,1,0.019219480436834715
2024-04-12,2,0.011019922688085177
2024-04-12,3,0.01710841981062372
2024-04-12,4,0.011159984672503885
2024-04-12,5,0.011128654647620768
2024-04-15,1,-0.014420541659927191
2024-04-15,2,-0.011347271671323864
2024-04-15,3,-0.010465773734491843
2024-04-15,4,-0.009202897550896342
2024-04-15,5,-0.00921500582341384
2024-04-16,1,0.005429403888309947
2024-04-16,2,0.007365574091706565
2024-04-16,3,0.0023726370070081214
2024-04-16,4,0.002590716972425098
2024-04-16,5,0.010987990013835006
2024-04-17,1,-0.021697882325713097
2024-04-17,2,-0.02002465507473325
2024-04-17,3,-0.021408844918257897
2024-04-17,4,-0.027012478639654586
2024-04-17,5,-0.017888732470882518
2024-04-18,1,-0.007339959263812062
2024-04-18,2,-0.006119017926492822
2024-04-18,3,-0.01195076092586905
2024-04-18,4,-0.0039786079001787635
2024-04-18,5,-0.008887119497581263
2024-04-19,1,-0.01031957158104093
2024-04-19,2,-0.010516722872895252
2024-04-19,3,-0.008986669922868448
2024-04-19,4,-0.00866963094893958
2024-04-19,5,-0.008311062956389252
2024-04-22,1,0.017609596311290977
2024-04-22,2,0.022034712432571844
2024-04-22,3,0.01780588199249799
2024-04-22,4,0.01806737486871365
2024-04-22,5,0.020366568211654987
2024-04-23,1,-0.004615126315161942
2024-04-23,2,-0.002759149712322774
2024-04-23,3,-0.00558802916586945
2024-04-23,4,-0.007134347231752977
2024-04-23,5,-0.004738513393597335
2024-04-24,1,0.000698949169988261
2024-04-24,2,0.009410590312956432
2024-04-24,3,0.006581514467256269
2024-04-24,4,0.0036323529787214053
2024-04-24,5,0.004698976085173369
2024-04-25,1,0.011838265811829665
2024-04-25,2,0.007915286753432539
2024-04-25,3,0.005457406405933571
2024-04-25,4,0.008197127121505488
2024-04-25,5,0.008060531045098412
2024-04-26,1,0.0010979939211336162
2024-04-26,2,0.005261188999064815
2024-04-26,3,0.01336247829750361
2024-04-26,4,0.006624344081989945
2024-04-26,5,0.008542335067895255
2024-04-29,1,-0.007279833059414683
2024-04-29,2,-0.004628957357414034
2024-04-29,3,-0.002849790284404982
2024-04-29,4,-0.004899676703993114
2024-04-29,5,-0.005200782640677567
2024-04-30,1,-0.009214614177801419
2024-04-30,2,-0.0027202143338035936
2024-04-30,3,-0.004817082599056747
2024-04-30,4,-0.004813742656064146
2024-04-30,5,-0.001217084407587069
2024-05-01,1,0.00021577193262255125
2024-05-01,2,0.004360648874701256
2024-05-01,3,0.010736308437891626
2024-05-01,4,0.002608880909703688
2024-05-01,5,0.0033535255842842265
2024-05-02,1,0.0018312723280400046
2024-05-02,2,0.002704194998671139
2024-05-02,3,0.009887630343375465
2024-05-02,4,0.004257834632128352
2024-05-02,5,0.0042133187085502
2024-05-03,1,0.013533057631104281
2024-05-03,2,0.011161973149886845
2024-05-03,3,0.017426980560923223
2024-05-03,4,0.0202462740415094
2024-05-03,5,0.013517825584585008
2024-05-06,1,-0.01248283099296521
2024-05-06,2,-0.019591917655933783
2024-05-06,3,-0.015337386279061255
2024-05-06,4,-0.018817065066211225
2024-05-06,5,-0.016985828255651342
2024-05-07,1,0.012834395639025265
2024-05-07,2,0.00721736939625538
2024-05-07,3,0.0045846486088479705
2024-05-07,4,0.010194218609575713
2024-05-07,5,0.009714634621130862
2024-05-08,1,0.006190745205254478
2024-05-08,2,0.003878717286923737
2024-05-08,3,0.004797844963981314
2024-05-08,4,0.009816075571872005
2024-05-08,5,0.0016065860665052125
2024-05-09,1,0.01922171354503427
2024-05-09,2,0.014640913853535522
2024-05-09,3,0.017669105316032024
2024-05-09,4,0.0148173046253161
2024-05-09,5,0.012115950128924904
2024-05-10,1,0.021033562093617814
2024-05-10,2,0.01824491672262063
2024-05-10,3,0.023754248271778772
2024-05-10,4,0.022129358043550793
2024-05-10,5,0.025504307593386205
2024-05-13,1,-0.003184136862432926
2024-05-13,2,-0.0076345031508261805
2024-05-13,3,0.004550355712711187
2024-05-13,4,0.00478235074865389
2024-05-13,5,-0.003948378806110169
2024-05-14,1,0.008053765942789403
2024-05-14,2,9.529817215960239e-05
2024-05-14,3,0.008766171078523718
2024-05-14,4,0.0005559773291651804
2024-05-14,5,0.009301383946502458
2024-05-15,1,0.003287220912868481
2024-05-15,2,-0.006639127481884197
2024-05-15,3,-0.00424408416488328
2024-05-15,4,-0.008211098159445644
2024-05-15,5,-0.007648767270875081
2024-05-16,1,0.007520985500640291
2024-05-16,2,0.009678070521630434
2024-05-16,3,0.009164254188126294
2024-05-16,4,0.015043983933927937
2024-05-16,5,0.01285131321083834
2024-05-17,1,0.007097204605461003
2024-05-17,2,-0.0012831924538007173
2024-05-17,3,0.007005831438550247
2024-05-17,4,0.009973126676519974
2024-05-17,5,0.010183150334874332
2024-05-20,1,-0.00652100619610829
2024-05-20,2,-0.007006556519316608
2024-05-20,3,-0.00814697491000231
2024-05-20,4,-0.004248300735159477
2024-05-20,5,-0.004548734011583174
2024-05-21,1,0.008309316249036785
2024-05-21,2,0.0027070020144239065
2024-05-21,3,0.004743490956058371
2024-05-21,4,0.003938536652428335
2024-05-21,5,0.008016111437663273
2024-05-22,1,-0.0012266451418940934
2024-05-22,2,-0.005064104111455243
2024-05-22,3,0.004106064484139666
2024-05-22,4,-0.000673444405393236
2024-05-22,5,-0.0006084706176693274
2024-05-23,1,-0.0039556540309787095
2024-05-23,2,-0.004350729592960139
2024-05-23,3,-0.0017971910010792535
2024-05-23,4,-0.0069395659882656256
2024-05-23,5,-0.0008877444176746286
2024-05-24,1,0.0019740747383527055
2024-05-24,2,0.0020934202496843517
2024-05-24,3,0.0016343207304873372
2024-05-24,4,-0.00315057682749105
2024-05-24,5,0.004797650164594536
2024-05-27,1,0.005127227330139046
2024-05-27,2,0.0076133768957186
2024-05-27,3,0.003268645419674982
2024-05-27,4,0.005511858423065407
2024-05-27,5,0.006344423361211413
2024-05-28,1,0.0042822565296803195
2024-05-28,2,0.005551117301644275
2024-05-28,3,0.008380670093268068
2024-05-28,4,0.004425175054069015
2024-05-28,5,0.0028028197183396133
2024-05-29,1,-0.0029902845011203524
2024-05-29,2,-0.0016044903764893114
2024-05-29,3,-0.010656162125868764
2024-05-29,4,-0.007618336008446607
2024-05-29,5,-0.0033909795685453715
2024-05-30,1,-0.00394210522001128
2024-05-30,2,7.168848382371946e-05
2024-05-30,3,-0.004526196020486096
2024-05-30,4,0.002504419373094805
2024-05-30,5,-0.0021091172562359515
2024-05-31,1,-0.014103546184717642
2024-05-31,2,-0.0075026259759286415
2024-05-31,3,-0.011585917082623017
2024-05-31,4,-0.012274139682484395
2024-05-31,5,-0.013887367003415012
2024-06-03,1,0.0034696445801334908
2024-06-03,2,0.004486628517570254
2024-06-03,3,2.69377896886015e-05
2024-06-03,4,-0.004496641308233752
2024-06-03,5,0.0064627766063825275
2024-06-04,1,0.0045549500579180335
2024-06-04,2,-0.0009021511809648639
2024-06-04,3,-0.00028770663878944385
2024-06-04,4,-0.0018457723324937403
2024-06-04,5,-0.00020358940411802518
2024-06-05,1,-0.011650198346018534
2024-06-05,2,-0.006968969431479573
2024-06-05,3,-0.009528981249975785
2024-06-05,4,-0.007033557952205877
2024-06-05,5,-0.012394271011769447
2024-06-06,1,-0.00781325831416551
2024-06-06,2,-0.014962950484569845
2024-06-06,3,-0.014555364291667594
2024-06-06,4,-0.009321293456221093
2024-06-06,5,-0.0121834520930066
2024-06-07,1,0.001327058935959251
2024-06-07,2,0.005606252431781091
2024-06-07,3,0.0024604475573789114
2024-06-07,4,0.0003229829479399625
2024-06-07,5,0.006974373680847671
2024-06-10,1,0.008938814746330338
2024-06-10,2,0.008943933740600126
2024-06-10,3,0.01398098064457305
2024-06-10,4,0.007974775460666921
2024-06-10,5,0.010101174498234718
2024-06-11,1,-0.008836889696214649
2024-06-11,2,-0.00932906312981109
2024-06-11,3,-0.0072326911373737975
2024-06-11,4,-0.010427670514645817
2024-06-11,5,-0.002056668152949585
2024-06-12,1,0.005518467814260852
2024-06-12,2,-0.0002615292503150416
2024-06-12,3,0.0008223520521434069
2024-06-12,4,-0.00330078203307659
2024-06-12,5,0.003181118540240067
2024-06-13,1,-0.011616186979922895
2024-06-13,2,-0.009945026220417558
2024-06-13,3,-0.007834545173948385
2024-06-13,4,-0.008804159529012435
2024-06-13,5,-0.01245438334760523
2024-06-14,1,0.008417878191049367
2024-06-14,2,0.0032477198214481908
2024-06-14,3,0.0008103107047556569
2024-06-14,4,0.002448402953725876
2024-06-14,5,0.005696086012415928
2024-06-17,1,0.006250535481450416
2024-06-17,2,0.014557280204609807
2024-06-17,3,0.010320085789347995
2024-06-17,4,0.01597332186049345
2024-06-17,5,0.01047000970057653
2024-06-18,1,-0.015769013539135433
2024-06-18,2,-0.009364766431183655
2024-06-18,3,-0.006906538531245616
2024-06-18,4,-0.009483449131636977
2024-06-18,5,-0.008358751143899442
2024-06-19,1,-0.01009071690979747
2024-06-19,2,-0.010045188592213157
2024-06-19,3,-0.009607337339233557
2024-06-19,4,-0.01437249117082683
2024-06-19,5,-0.012917499324871136
2024-06-20,1,-0.005084796133675921
2024-06-20,2,-0.0008391469831904273
2024-06-20,3,-0.008116282826296388
2024-06-20,4,-0.002194785439946104
2024-06-20,5,-0.0009221775993932305
2024-06-21,1,0.0025598185398736984
2024-06-21,2,0.004601847943587244
2024-06-21,3,0.002259053868159627
2024-06-21,4,0.004624755082874776
2024-06-21,5,0.002233447947589807
2024-06-24,1,-0.009271671411155567
2024-06-24,2,-0.0066714050141668
2024-06-24,3,-0.01064577101904235
2024-06-24,4,-0.008017263697970232
2024-06-24,5,-0.006368218039039607
2024-06-25,1,-0.008647746754681353
2024-06-25,2,-0.010503423796947447
2024-06-25,3,-0.009581147625183846
2024-06-25,4,-0.0036975395143988227
2024-06-25,5,-0.012257315742932807
2024-06-26,1,0.004591715682891978
2024-06-26,2,0.008895424083767185
2024-06-26,3,0.0066389795534596875
2024-06-26,4,0.009359449586943614
2024-06-26,5,0.008588949381444244
2024-06-27,1,-0.01792477412948599
2024-06-27,2,-0.015922520771259406
2024-06-27,3,-0.014322327615406805
2024-06-27,4,-0.014984358715253013
2024-06-27,5,-0.012064720681162839
2024-06-28,1,-0.012826842238670302
2024-06-28,2,-0.013632694594522664
2024-06-28,3,-0.013154046216008318
2024-06-28,4,-0.012640226909661816
2024-06-28,5,-0.011756360225732534
2024-07-01,1,0.0006388373313328227
2024-07-01,2,0.0036452804738157877
2024-07-01,3,-0.0006603131462399466
2024-07-01,4,0.0008012119477931788
2024-07-01,5,-0.0026117188218074943
2024-07-02,1,0.01133164864778937
2024-07-02,2,0.016397641410229456
2024-07-02,3,0.018686410446880946
2024-07-02,4,0.01437035990273405
2024-07-02,5,0.009209646573882792
2024-07-03,1,-0.008319629913897269
2024-07-03,2,-0.005830534244682328
2024-07-03,3,-0.0016592670199580709
2024-07-03,4,-0.003098369348445108
2024-07-03,5,-0.002711078395892117
2024-07-04,1,-0.013146071321411044
2024-07-04,2,-0.009719396245036774
2024-07-04,3,-0.015270638849127292
2024-07-04,4,-0.015090586803953714
2024-07-04,5,-0.004819474578519719
2024-07-05,1,-0.001460786075458033
2024-07-05,2,-0.0014876549499411554
2024-07-05,3,0.005762614294327137
2024-07-05,4,0.005558530120383327
2024-07-05,5,0.006741897634913528
2024-07-08,1,0.009040651711348225
2024-07-08,2,0.008227947009386134
2024-07-08,3,0.011631530514398343
2024-07-08,4,0.011979749976054983
2024-07-08,5,0.0063533309217222046
2024-07-09,1,0.009097734169554353
2024-07-09,2,0.013766063188403104
2024-07-09,3,0.012774498184452171
2024-07-09,4,0.01615087171419418
2024-07-09,5,0.012648691287877514
2024-07-10,1,0.002403565226360684
2024-07-10,2,0.004452633601621296
2024-07-10,3,0.007780253779288068
2024-07-10,4,0.003136437957327488
2024-07-10,5,0.007675836887514857
2024-07-11,1,0.007018467306893516
2024-07-11,2,0.007687093283296596
2024-07-11,3,0.013132874143677678
2024-07-11,4,0.0022461749406726492
2024-07-11,5,0.008351413313580037
2024-07-12,1,0.005011209027295292
2024-07-12,2,-0.00338677159819928
2024-07-12,3,0.004132064748052099
2024-07-12,4,0.00103898271077393
2024-07-12,5,0.002018308367994048
2024-07-15,1,-0.0017013601485217898
2024-07-15,2,-0.000820792006599057
2024-07-15,3,0.0030213119822963853
2024-07-15,4,0.005861910884422384
2024-07-15,5,0.0070490899327963034
2024-07-16,1,0.01584235703527995
2024-07-16,2,0.014546061120821237
2024-07-16,3,0.009951008613812633
2024-07-16,4,0.01441918148950687
2024-07-16,5,0.014260339977890425
2024-07-17,1,-0.0017424801802137422
2024-07-17,2,-7.635815107214872e-05
2024-07-17,3,-0.0022124971267063363
2024-07-17,4,0.0006938762455249792
2024-07-17,5,-0.0023219284248747175
2024-07-18,1,0.0010834421816168424
2024-07-18,2,-0.0016152573980953862
2024-07-18,3,-0.006089019684563424
2024-07-18,4,0.003076704203359897
2024-07-18,5,-0.002626277308598224
2024-07-19,1,0.008075737844066662
2024-07-19,2,0.008453452067578108
2024-07-19,3,0.011671364822127616
2024-07-19,4,0.009700010076160979
2024-07-19,5,0.01413188828929397
2024-07-22,1,0.004019730415957162
2024-07-22,2,-0.0017892062201409521
2024-07-22,3,-0.004229111794136871
2024-07-22,4,-0.0019656278780108556
2024-07-22,5,0.0012989026308912325
2024-07-23,1,0.02410569935877948
2024-07-23,2,0.020365715376143935
2024-07-23,3,0.02059302633343459
2024-07-23,4,0.014494070680393791
2024-07-23,5,0.018394708641940146
2024-07-24,1,0.010695835537243499
2024-07-24,2,0.010507539734321178
2024-07-24,3,0.015731465417145544
2024-07-24,4,0.014343145870610353
2024-07-24,5,0.018184884819329266
2024-07-25,1,-0.0018982836555127042
2024-07-25,2,-0.005197252637209732
2024-07-25,3,-0.006146547849004475
2024-07-25,4,-0.002484434785663258
2024-07-25,5,-0.0009511326474469456
2024-07-26,1,0.015103561499874782
2024-07-26,2,0.008131720981728957
2024-07-26,3,0.013828653807779364
2024-07-26,4,0.015190472382602932
2024-07-26,5,0.00885416115300571
2024-07-29,1,0.009030118079254612
2024-07-29,2,0.0013666732557176054
2024-07-29,3,0.0063593920634924875
2024-07-29,4,0.00824040760972289
2024-07-29,5,0.0003281481745030805
2024-07-30,1,0.002359249372812445
2024-07-30,2,0.008688155211243737
2024-07-30,3,0.00721511761593824
2024-07-30,4,0.005503678491648007
2024-07-30,5,0.007890241623542769
2024-07-31,1,0.017368448750039397
2024-07-31,2,0.0060852141905232675
2024-07-31,3,0.010861386967140842
2024-07-31,4,0.018484283479854292
2024-07-31,5,0.007967162380997438
2024-08-01,1,0.0014813029703869027
2024-08-01,2,0.000976625842135463
2024-08-01,3,-0.0047682894984416475
2024-08-01,4,-0.0051083752050235754
2024-08-01,5,0.007894734053824381
2024-08-02,1,-0.011652920256294589
2024-08-02,2,-0.006304897329750788
2024-08-02,3,-0.00566048994724513
2024-08-02,4,-0.006255991595696855
2024-08-02,5,-0.002465958097894668
2024-08-05,1,-0.0069317596705929475
2024-08-05,2,-0.010143379088599906
2024-08-05,3,-0.004141148518005376
2024-08-05,4,-0.004701249904885208
2024-08-05,5,-0.003940111154595594
2024-08-06,1,-0.002518748904545949
2024-08-06,2,0.0036221067619223515
2024-08-06,3,0.007535621717192203
2024-08-06,4,0.0012290872918112752
2024-08-06,5,-0.0020903397085105203
2024-08-07,1,-0.014628976567734743
2024-08-07,2,-0.0200454514166614
2024-08-07,3,-0.020991186121042716
2024-08-07,4,-0.013930331356815786
2024-08-07,5,-0.015484194625343646
2024-08-08,1,0.0010245011842811911
2024-08-08,2,-0.0012637961562977878
2024-08-08,3,0.00283144096079799
2024-08-08,4,-0.0002872586880045931
2024-08-08,5,0.0027191016329481702
2024-08-09,1,-0.0007934325254719586
2024-08-09,2,0.0010945033460188138
2024-08-09,3,-0.00648902532124533
2024-08-09,4,-0.002592636312699724
2024-08-09,5,-0.0025380565468561224
2024-08-12,1,0.007662662307132185
2024-08-12,2,0.007168235264346057
2024-08-12,3,0.00812496818090366
2024-08-12,4,0.008601370887650488
2024-08-12,5,0.0073805177054749715
2024-08-13,1,-0.004544153309771341
2024-08-13,2,-0.004415614155091897
2024-08-13,3,-0.003105275865488068
2024-08-13,4,-0.005675006606179906
2024-08-13,5,-0.004939145715833322
2024-08-14,1,0.0019043653436630256
2024-08-14,2,0.009022755747079515
2024-08-14,3,0.008430748951022533
2024-08-14,4,0.007770827004829182
2024-08-14,5,0.002571637376692572
2024-08-15,1,-0.0029317890581071955
2024-08-15,2,0.0011533709358001422
2024-08-15,3,0.0019018436784088153
2024-08-15,4,-0.0004347269920872014
2024-08-15,5,0.0009160044789185324
2024-08-16,1,0.005398386928063138
2024-08-16,2,0.009436089400127827
2024-08-16,3,0.00723466969426473
2024-08-16,4,0.010537175519262894
2024-08-16,5,0.012022165644898122
2024-08-19,1,0.009711927052910036
2024-08-19,2,0.012372761277415444
2024-08-19,3,0.00814941471941225
2024-08-19,4,0.008912486656278322
2024-08-19,5,0.011639902411021051
2024-08-20,1,-0.002586297228418793
2024-08-20,2,-0.006475904223192523
2024-08-20,3,0.000998771116794569
2024-08-20,4,-0.0035524102472328043
2024-08-20,5,0.0020492900740727645
2024-08-21,1,0.008500359155693365
2024-08-21,2,0.0069216599978697505
2024-08-21,3,0.009364185475166676
2024-08-21,4,0.010890570125673339
2024-08-21,5,0.013214638081985773
2024-08-22,1,0.0038212162746625875
2024-08-22,2,0.0027586620829108143
2024-08-22,3,0.010747370923663645
2024-08-22,4,0.008827780892826386
2024-08-22,5,0.00735579780199289
2024-08-23,1,-0.0019297152512648763
2024-08-23,2,-0.006445782799408746
2024-08-23,3,-0.001170969777326837
2024-08-23,4,-0.006233175032025781
2024-08-23,5,-0.006622509067514175
2024-08-26,1,0.010846436803131604
2024-08-26,2,0.007964385993874775
2024-08-26,3,0.011879850793655609
2024-08-26,4,0.012641232273763547
2024-08-26,5,0.006946763246476387
2024-08-27,1,0.0037045291871096635
2024-08-27,2,0.005651657580077574
2024-08-27,3,0.003043123208358628
2024-08-27,4,0.008715527853380561
2024-08-27,5,0.006300928726076583
2024-08-28,1,0.005190155129708843
2024-08-28,2,0.006496048464347798
2024-08-28,3,0.01142643452693845
2024-08-28,4,0.01286399113704846
2024-08-28,5,0.008043741100465407
2024-08-29,1,0.0031877289800564244
2024-08-29,2,0.005821611026308918
2024-08-29,3,0.011006643811130836
2024-08-29,4,0.0031126433928487704
2024-08-29,5,0.010010492277672343
2024-08-30,1,-0.008734258782390394
2024-08-30,2,-0.0070255337540381
2024-08-30,3,-0.002791955784293078
2024-08-30,4,-0.004636099401214152
2024-08-30,5,-0.005299916895519815
2024-09-02,1,-0.009843712791432355
2024-09-02,2,-0.004205998276284097
2024-09-02,3,-0.0058297773022662844
2024-09-02,4,0.0010382671232079786
2024-09-02,5,-0.004356610460953819
2024-09-03,1,0.009402349292311466
2024-09-03,2,0.01064806374765099
2024-09-03,3,0.010712563283581004
2024-09-03,4,0.01258785849410914
2024-09-03,5,0.008875390200110697
2024-09-04,1,-0.008236772388810095
2024-09-04,2,-0.003879109234348958
2024-09-04,3,-0.006454718104799664
2024-09-04,4,-6.828378796139875e-05
2024-09-04,5,-0.007868377712805536
2024-09-05,1,-0.01900906490130078
2024-09-05,2,-0.015730323348707113
2024-09-05,3,-0.022191106282669185
2024-09-05,4,-0.014345772979393141
2024-09-05,5,-0.018519084327146197
2024-09-06,1,-0.0008094075871432192
2024-09-06,2,-0.0026023039747578892
2024-09-06,3,-0.004711402697916198
2024-09-06,4,-0.0024973155807462835
2024-09-06,5,-0.0032488579880172136
2024-09-09,1,0.00991451918427753
2024-09-09,2,0.01342898358467422
2024-09-09,3,0.022774033119925298
2024-09-09,4,0.011974888529550514
2024-09-09,5,0.012615480195713989
2024-09-10,1,0.007345845040201717
2024-09-10,2,0.009950498826791566
2024-09-10,3,0.016218281923682423
2024-09-10,4,0.010797592615253454
2024-09-10,5,0.016299030465419632
2024-09-11,1,0.006856057408009816
2024-09-11,2,0.011149516488080822
2024-09-11,3,0.009437491718080898
2024-09-11,4,0.007886251586899477
2024-09-11,5,0.009104207350252528
2024-09-12,1,0.004893485995218886
2024-09-12,2,-0.0018054075542709514
2024-09-12,3,-0.0036503846286391746
2024-09-12,4,-0.004644824292102
2024-09-12,5,-0.0017633904051388392
2024-09-13,1,0.0024782454504480704
2024-09-13,2,-0.0005368403245438638
2024-09-13,3,-0.001240609757756135
2024-09-13,4,0.0022743348967391654
2024-09-13,5,-0.0016323128815551589
2024-09-16,1,0.0019065957102514081
2024-09-16,2,-0.00018766303672902544
2024-09-16,3,0.002592099129892899
2024-09-16,4,0.0018221484488249937
2024-09-16,5,0.010512472569299366
2024-09-17,1,-0.002884316326075097
2024-09-17,2,0.0013620071867565416
2024-09-17,3,0.009732580102609398
2024-09-17,4,0.006723130462920026
2024-09-17,5,0.012193316041234352
2024-09-18,1,-0.01777391859202261
2024-09-18,2,-0.01732570984927056
2024-09-18,3,-0.014479795024516533
2024-09-18,4,-0.01800758024678774
2024-09-18,5,-0.018823739459518714
2024-09-19,1,-0.005085190733363715
2024-09-19,2,-0.0067970356928289295
2024-09-19,3,-0.005111300930895807
2024-09-19,4,-0.005078905160638481
2024-09-19,5,-0.0033264714521762653
2024-09-20,1,-0.004146234506952002
2024-09-20,2,0.000979670651614107
2024-09-20,3,0.0029089492883483314
2024-09-20,4,0.0023750652632189354
2024-09-20,5,0.00010258117115975306
2024-09-23,1,-0.009327507009935825
2024-09-23,2,-0.0069026337471123685
2024-09-23,3,-0.005783999605119725
2024-09-23,4,-0.004187118715465641
2024-09-23,5,-0.0001058505546936248
2024-09-24,1,-0.005328092125742466
2024-09-24,2,-0.0036324939260937933
2024-09-24,3,-0.0006033716419508215
2024-09-24,4,-0.006912994006380963
2024-09-24,5,0.002908793930810779
2024-09-25,1,0.0006416263919420658
2024-09-25,2,0.008499463967670385
2024-09-25,3,0.0006268633722322312
2024-09-25,4,-0.00043224406119683593
2024-09-25,5,0.0010285139375657247
2024-09-26,1,-0.011158189815693553
2024-09-26,2,-0.006074193356490107
2024-09-26,3,-0.008345330137470082
2024-09-26,4,-0.002895256957434809
2024-09-26,5,-0.008245646719557312
2024-09-27,1,-0.019032814808095697
2024-09-27,2,-0.018085686109748225
2024-09-27,3,-0.014603613727147153
2024-09-27,4,-0.013549754654581957
2024-09-27,5,-0.012911724955613522
2024-09-30,1,0.01071298056227854
2024-09-30,2,0.01291804587521862
2024-09-30,3,0.002620241923250446
2024-09-30,4,0.008263806476998047
2024-09-30,5,0.008439558944389752
2024-10-01,1,-0.0002945743240633926
2024-10-01,2,-0.0007526452234199461
2024-10-01,3,-0.003872954055319712
2024-10-01,4,0.0013574795234400543
2024-10-01,5,0.003200760694174353
2024-10-02,1,0.0025066563206467074
2024-10-02,2,0.0025957230384031534
2024-10-02,3,0.002221891392139642
2024-10-02,4,0.009608800960133479
2024-10-02,5,-0.00286744273197181
2024-10-03,1,-0.00845849350036419
2024-10-03,2,-0.009834982874008871
2024-10-03,3,-0.014385276346304994
2024-10-03,4,-0.015947584441044126
2024-10-03,5,-0.011895937880988538
2024-10-04,1,-0.00865378945586592
2024-10-04,2,-0.008305403934391966
2024-10-04,3,-0.009772090268283184
2024-10-04,4,-0.0026546861664933676
2024-10-04,5,-0.006878555406383822
2024-10-07,1,-0.014260894044092488
2024-10-07,2,-0.016662327315690218
2024-10-07,3,-0.018969463451441584
2024-10-07,4,-0.014196185633105127
2024-10-07,5,-0.01357701380798666
2024-10-08,1,0.001282370674837727
2024-10-08,2,0.0035054333286382838
2024-10-08,3,0.003965405058804772
2024-10-08,4,0.0029838620329033358
2024-10-08,5,0.005836281857929961
2024-10-09,1,-0.0002468278393675627
2024-10-09,2,-0.0005921551851836937
2024-10-09,3,-0.002455281600237514
2024-10-09,4,0.001526727628565528
2024-10-09,5,3.1916583268568424e-05
2024-10-10,1,0.00684917535462946
2024-10-10,2,0.009944171020626285
2024-10-10,3,0.009903651492972185
2024-10-10,4,0.010655205075165234
2024-10-10,5,0.009181279069323312
2024-10-11,1,-0.0015260385770967284
2024-10-11,2,-0.0028901011918549863
2024-10-11,3,-0.007910482083731728
2024-10-11,4,-0.00505504479968038
2024-10-11,5,-0.0038029512175189245
2024-10-14,1,-0.012088190860724315
2024-10-14,2,-0.012138491300613712
2024-10-14,3,-0.006807276184691241
2024-10-14,4,-0.00486708216383883
2024-10-14,5,-0.008462144134255292
2024-10-15,1,-0.0037218486816169337
2024-10-15,2,-0.020265267424169182
2024-10-15,3,-0.0012625017563704351
2024-10-15,4,-0.005312306990372597
2024-10-15,5,-0.01019499378725788
2024-10-16,1,0.00022510780912427485
2024-10-16,2,0.008386138740786829
2024-10-16,3,0.004685081560086428
2024-10-16,4,0.010422086580968298
2024-10-16,5,0.004394767496920818
2024-10-17,1,0.027440901221880056
2024-10-17,2,0.020749866718019046
2024-10-17,3,0.0176731766959156
2024-10-17,4,0.026342558534591772
2024-10-17,5,0.021316370254070575
2024-10-18,1,-0.004468938984168854
2024-10-18,2,-0.0023342621704249638
2024-10-18,3,-0.0033353891407342812
2024-10-18,4,0.0019254069022082302
2024-10-18,5,-0.0011918466430362084
2024-10-21,1,0.0013939898437302662
2024-10-21,2,0.0037525339611658897
2024-10-21,3,0.003768536785517671
2024-10-21,4,0.011424091930836992
2024-10-21,5,0.005574027302039829
2024-10-22,1,-0.006559417610243765
2024-10-22,2,0.0021313490733779927
2024-10-22,3,-0.003245488103158962
2024-10-22,4,-0.008077139144393975
2024-10-22,5,-0.007545537590228853
2024-10-23,1,-0.007909694847905619
2024-10-23,2,-0.00928743709741086
2024-10-23,3,-0.006636143355129967
2024-10-23,4,-0.005963872179428309
2024-10-23,5,-0.003638918941775955
2024-10-24,1,-0.013506767501219513
2024-10-24,2,-0.011031780768196088
2024-10-24,3,-0.009366800270594946
2024-10-24,4,-0.008064298489593127
2024-10-24,5,-0.012659332634106856
2024-10-25,1,-0.002665537856287069
2024-10-25,2,0.002044032201811384
2024-10-25,3,-9.322317399377758e-05
2024-10-25,4,0.006712971935245359
2024-10-25,5,0.0020711508014728906
2024-10-28,1,-0.006931307477966057
2024-10-28,2,-0.0019517570132757808
2024-10-28,3,0.004625093725113953
2024-10-28,4,-0.0037298122381606924
2024-10-28,5,-0.0051472565061622365
2024-10-29,1,-0.00933858820619321
2024-10-29,2,-0.012382432499101528
2024-10-29,3,-0.0021980987974153394
2024-10-29,4,-0.008614080438946011
2024-10-29,5,-0.00895539116551114
2024-10-30,1,0.00724407286744257
2024-10-30,2,0.008358931428916576
2024-10-30,3,0.011853376291007967
2024-10-30,4,0.014180047694871892
2024-10-30,5,0.00959505205443769
2024-10-31,1,0.005563955832635261
2024-10-31,2,0.007133976971906623
2024-10-31,3,0.00515488467267218
2024-10-31,4,0.005137660448210944
2024-10-31,5,0.008870073413534359
2024-11-01,1,0.01648493904796445
2024-11-01,2,0.010427961024530835
2024-11-01,3,0.011227433687711681
2024-11-01,4,0.013256995676287442
2024-11-01,5,0.01665714840445812
2024-11-04,1,-0.001747834348975003
2024-11-04,2,-0.0024949354516690244
2024-11-04,3,0.008703934212114696
2024-11-04,4,-0.0017292914661739176
2024-11-04,5,0.003584972255216132
2024-11-05,1,-0.009820609197368563
2024-11-05,2,-0.0054563568524075
2024-11-05,3,-0.007337555590336973
2024-11-05,4,-0.007203218691556474
2024-11-05,5,-0.0076642430868807815
2024-11-06,1,0.00902176213608728
2024-11-06,2,0.002191047160574204
2024-11-06,3,0.007277323654702307
2024-11-06,4,0.004787429086753429
2024-11-06,5,0.004386481474465772
2024-11-07,1,0.00012906298088504646
2024-11-07,2,0.0024776112770912226
2024-11-07,3,-0.0017022287183035278
2024-11-07,4,0.006810773291556049
2024-11-07,5,0.0037223411439955027
2024-11-08,1,-0.00560670822009599
2024-11-08,2,-0.006570829581569756
2024-11-08,3,-0.005793104377259334
2024-11-08,4,-0.005976129505390073
2024-11-08,5,-0.006174955511070617
2024-11-11,1,0.01736507332733714
2024-11-11,2,0.01558490084252384
2024-11-11,3,0.01742668939210491
2024-11-11,4,0.02209629068996341
2024-11-11,5,0.02094373467070844
2024-11-12,1,-0.0015129885525210316
2024-11-12,2,-0.005123384998990527
2024-11-12,3,-0.0009457379293283824
2024-11-12,4,0.0019949524913415173
2024-11-12,5,-0.0019063262496255293
2024-11-13,1,0.0022994092332570036
2024-11-13,2,0.0035451518622814284
2024-11-13,3,0.005692707758151599
2024-11-13,4,-0.0018563966756788561
2024-11-13,5,0.0007238704071205376
2024-11-14,1,0.004282411396620613
2024-11-14,2,0.0009506275353322871
2024-11-14,3,-0.0005728740611252722
2024-11-14,4,0.001898087096817102
2024-11-14,5,0.004420317340746488
2024-11-15,1,-0.0021568626028172473
2024-11-15,2,0.009248333958434427
2024-11-15,3,0.0014717873847302455
2024-11-15,4,0.004414973059043863
2024-11-15,5,0.0033872839620307962
2024-11-18,1,-0.005373944659343847
2024-11-18,2,-0.0015783369315361567
2024-11-18,3,-0.00026859202648805806
2024-11-18,4,-0.0033511068490367935
2024-11-18,5,-0.004108029620888355
2024-11-19,1,0.011252018732317444
2024-11-19,2,0.01153283603291291
2024-11-19,3,0.004930408181931811
2024-11-19,4,0.017046786702306426
2024-11-19,5,0.008603253024047935
2024-11-20,1,0.0139293395995912
2024-11-20,2,0.015332227749901345
2024-11-20,3,0.01532017955538164
2024-11-20,4,0.011948903799245007
2024-11-20,5,0.014783338952454518
2024-11-21,1,-0.01113232677753268
2024-11-21,2,-0.017842289837972425
2024-11-21,3,-0.01835286059509913
2024-11-21,4,-0.013494309466662129
2024-11-21,5,-0.017306740936239927
2024-11-22,1,0.0004599540151947125
2024-11-22,2,0.0005334125558153525
2024-11-22,3,-0.001250214208486558
2024-11-22,4,4.2569402987717095e-05
2024-11-22,5,0.0005104138190979905
2024-11-25,1,0.008283360457267575
2024-11-25,2,0.007212941404012022
2024-11-25,3,0.008354455450571535
2024-11-25,4,0.011575073420008426
2024-11-25,5,0.018492750319428933
2024-11-26,1,-0.002963119798303164
2024-11-26,2,0.0037997845451055055
2024-11-26,3,0.010461999062176725
2024-11-26,4,0.004872232866201616
2024-11-26,5,0.011504977542552072
2024-11-27,1,-0.0034236136499006995
2024-11-27,2,-0.009803827320573008
2024-11-27,3,-0.006435583346488835
2024-11-27,4,0.0004494688969683138
2024-11-27,5,-0.007557475813443965
2024-11-28,1,-0.007799952374534174
2024-11-28,2,-0.0018859781332014895
2024-11-28,3,-0.007288019192401311
2024-11-28,4,-0.004355740105918622
2024-11-28,5,-0.0052503464067475015
2024-11-29,1,0.01094026807208378
2024-11-29,2,0.010231827277473448
2024-11-29,3,0.018884406744305426
2024-11-29,4,0.011690303942025648
2024-11-29,5,0.015499643929034634
2024-12-02,1,-0.008064044010766592
2024-12-02,2,-0.017618437907933656
2024-12-02,3,-0.018384353557886028
2024-12-02,4,-0.0119642459064691
2024-12-02,5,-0.01012265070568911
2024-12-03,1,0.0016197130783625734
2024-12-03,2,-0.0032600059782117454
2024-12-03,3,0.0014450110263190736
2024-12-03,4,0.0017266155835888944
2024-12-03,5,0.0027495327820929697
2024-12-04,1,-0.004838092450061445
2024-12-04,2,-0.00284425726680664
2024-12-04,3,-0.0016029972695864644
2024-12-04,4,-0.0009341043081619958
2024-12-04,5,0.0012912374462972468
